Name,URL,Difficulty,Type,Potential Reach,Resource
The Startup Pitch,https://thestartuppitch.com/,Easy,Directory,<10K,https://www.youtube.com/watch?v=17XZGUX_9iM
Beta List,https://betalist.com/,Easy,Directory,100K-1M,https://www.youtube.com/watch?v=JDTSaJ4vVdM
Alternative To,https://alternativeto.net/,Easy,Directory,1M - 10M,https://alternativeto.net/manage-item/
Startup Stash,https://startupstash.com/,Easy,Directory,100K-1M,https://startupstash.com/add-listing/
Launching Next,https://www.launchingnext.com/,Easy,Directory,<10K,https://www.launchingnext.com/submit/
SnapMunk,https://startups.snapmunk.com/,Easy,Directory,<10K,https://www.youtube.com/watch?v=an-vT3-N8oU
StartupTracker,https://startuptracker.io/crowdsourcing/,Medium,Directory,<10K,https://startuptracker.io/crowdsourcing/
Side Projectors,https://www.sideprojectors.com/,Medium,Directory,<10K,https://help.sideprojectors.com/
Reviano,https://www.reviano.com/,Medium,Directory,10K-100K,https://www.reviano.com/login.html?redirect_to=https://www.reviano.com/submit-listing.html
Capterra,https://www.capterra.com/,Medium,Directory,1M - 10M,https://www.gartner.com/en/digital-markets/capterra-provider-signup?gdm_referrer=capterra.com
G2,https://sell.g2.com/create-a-profile,Medium,Directory,<10K,https://www.youtube.com/watch?v=I5NtwloPmSE
Starter Story,https://www.starterstory.com/share,Medium,Directory,1M - 10M,https://www.youtube.com/@starterstory/videos
GeekWire,https://www.geekwire.com/startup-list/,Medium,Directory,1M - 10M,https://www.geekwire.com/submit-startup/
Software Select,https://vendor.softwareselect.com/,Medium,Directory,<10K,https://vendor.softwareselect.com/user/signup
Get App,https://www.getapp.com/,Medium,Directory,1M - 10M,https://www.youtube.com/watch?v=BCFrrTL_DC8
Launched,https://launched.io/,Medium,Directory,<10K,https://launched.io/newsubmission
Owwly,https://owwly.com/products/all,Medium,Directory,<10K,https://blog.owwly.com/
PostMake,https://postmake.io/submit,Medium,Directory,<10K,https://postmake.io/startup-books
SaaSHub,https://www.saashub.com/submit,Medium,Directory,1M - 10M,https://www.saashub.com/featured-products
The Startup Inc,https://www.thestartupinc.com/,Hard,Directory,<10K,https://www.thestartupinc.com/submit-startup/
Startup Buffer,https://startupbuffer.com/,Medium,Directory,<10K,https://www.youtube.com/watch?v=d90_PKt6e60
BetaPage,https://betapage.co/,Easy,Directory,10K-100K,https://help.betapage.co/post/how-do-i-get-started
Apps Thunder,https://appsthunder.com/submit-your-app/,Easy,Directory,<10K,https://appsthunder.com/contact-us/
Startup Ranking,https://www.startupranking.com/,Medium,Directory,100K-1M,https://www.startupranking.com/how-it-works
SaaS Worthy,https://www.saasworthy.com/,Easy,Directory,100K-1M,https://mailchi.mp/caea48b0c7ac/saasworthy-product-listing
Promote Project,http://promoteproject.com/,Easy,Directory,<10K,
Ebool,https://www.ebool.com/submit,Medium,Directory,<10K,https://www.ebool.com/contact
Awesome Indie,https://awesomeindie.com/,Easy,Directory,<10K,https://awesomeindie.com/frequently-asked-questions
Apps 400,https://apps400.com/,Medium,Directory,<10K,https://apps400.com/submit-your-application-for-review
All Startups,https://allstartups.info/,Easy,Directory,<10K,https://allstartups.info/Startups/Submit
WebWiki,https://www.webwiki.com/,Medium,Directory,10K-100K,https://www.webwiki.com/info/add-website.html
SaaS Genius,https://www.saasgenius.com/,Medium,Directory,<10K,https://www.saasgenius.com/get-listed/
TechBoard,https://techboard.com.au/companies/,Medium,Directory,<10K,https://techboard.com.au/about/how-it-works/techboard-listing-rules/
Robin Good,https://tools.robingood.com/,Easy,Directory,<10K,
Submit Juice,https://www.submitjuice.com/,Easy,Directory,<10K,https://www.submitjuice.com/directories#FAQ
My Startup Tool,https://mystartuptool.com/,Easy,Directory,<10K,https://mystartuptool.com/faq
CrunchBase,https://www.crunchbase.com/register?message=contribute,Easy,Directory,10M+,https://www.youtube.com/watch?v=LkG-OU4UKx8
Product Hunt,https://www.producthunt.com/,Easy,Launch Platform,1M - 10M,
AppSumo,https://sell.appsumo.com/,Medium,Launch Platform,1M - 10M,https://www.youtube.com/watch?v=J5JbyIcfdmE
Ctrl Alt,https://ctrlalt.cc/,Medium,Launch Platform,<10K,https://ctrlalt.cc/join
Gartner Digital Markets,https://www.gartner.com/en/digital-markets,Hard,Launch Platform,10M+,https://www.gartner.com/en/digital-markets/offerings
Launch Lister,https://www.launchlister.com/,Medium,Launch Platform,<10K,https://www.launchlister.com/submit-startup
KickStarter,https://www.kickstarter.com/,Medium,Crowdfunding Platform,<10K,https://www.youtube.com/watch?v=oDDqFG8B5L4
Indiegogo,https://www.indiegogo.com/,Medium,Crowdfunding Platform,<10K,https://www.youtube.com/watch?v=93JqwZJbGVM
CrowdCube,https://www.crowdcube.com/,Medium,Crowdfunding Platform,<10K,https://www.youtube.com/watch?v=5yQq9PtLjQ8
Seedrs,https://www.seedrs.com/,Medium,Crowdfunding Platform,<10K,https://www.seedrs.com/insights/blog/investing/what-is-crowdfunding-2
StartEngine,https://www.startengine.com/raise-capital,Hard,Crowdfunding Platform,<10K,https://help.startengine.com/categories/creating-your-campaign-SJUV6u0MF
Fundable,https://www.fundable.com/raise-capital,Medium,Crowdfunding Platform,<10K,https://help.fundable.com/support/home
Wefunder,https://wefunder.com/raise,Medium,Crowdfunding Platform,<10K,https://guides.wefunder.com/
MicroVentures,https://microventures.com/startups,Medium,Crowdfunding Platform,<10K,https://www.youtube.com/watch?v=j-UH0yycQKA
Entrepreneur Subreddit,https://www.reddit.com/r/Entrepreneur/,Medium,Subreddit,1M - 10M,https://www.youtube.com/watch?v=-pLdVY-DBgY
Grow My Business,https://www.reddit.com/r/growmybusiness/,Easy,Subreddit,10K-100K,https://www.youtube.com/watch?v=-pLdVY-DBgY
IMadeThis Subreddit,https://www.reddit.com/r/IMadeThis/,Easy,Subreddit,10K-100K,https://www.youtube.com/watch?v=-pLdVY-DBgY
IndieBiz Subreddit,https://www.reddit.com/r/indiebiz/,Easy,Subreddit,10K-100K,https://www.youtube.com/watch?v=-pLdVY-DBgY
Startups Subreddit,https://www.reddit.com/r/startups/,Easy,Subreddit,1M - 10M,https://www.youtube.com/watch?v=-pLdVY-DBgY
Side Project,https://www.reddit.com/r/SideProject/,Easy,Subreddit,100K-1M,https://www.youtube.com/watch?v=-pLdVY-DBgY
AlphaAndBeta Users,https://www.reddit.com/r/alphaandbetausers/,Easy,Subreddit,10K-100K,https://www.youtube.com/watch?v=-pLdVY-DBgY
Roast My Startup,https://www.reddit.com/r/roastmystartup/,Easy,Subreddit,<10K,https://www.youtube.com/watch?v=-pLdVY-DBgY
Tech Crunch,https://techcrunch.com/,Medium,Publication,10M+,https://info.techcrunch.com/SponsorshipsInterest.html
10 Words,https://10words.io/,Medium,Publication,<10K,https://twitter.com/10words_io
Remote Tools,https://www.remote.tools/,Medium,Publication,1M - 10M,https://www.linkedin.com/in/hrishikeshpardeshi/
Sidebar.io,https://sidebar.io/sponsor,Medium,Publication,100K-1M,https://www.killerstartups.com/about
Killer Startups,https://www.killerstartups.com/submit-startup,Medium,Publication,10K-100K,https://www.killerstartups.com/about
Inc 42,https://inc42.com/startup-submission/,Medium,Publication,1M - 10M,https://inc42.typeform.com/to/HkAo0D?typeform-source=inc42.com
Springwise,https://www.springwise.com/contact/,Hard,Publication,<10K,https://twitter.com/springwise
Free Dough,https://www.feedough.com/submit-your-startup/,Hard,Publication,100K-1M,https://www.youtube.com/watch?v=s2LRnowQ_B8
Get Worm,https://getworm.com/,Easy,Publication,<10K,https://getworm.com/got-a-startup
NextBigWhat,https://nextbigwhat.com/,Medium,Publication,<10K,https://nextbigwhat.com/submit-your-startup/
TechPluto,https://www.techpluto.com/,Medium,Publication,10K-100K,https://www.techpluto.com/submit-a-startup/
Startup88,https://startup88.com/,Easy,Publication,<10K,https://startup88.typeform.com/to/CRjWqM
Make Use Of,https://www.makeuseof.com/page/advertise/,Hard,Publication,10M+,https://www.youtube.com/watch?v=s2LRnowQ_B8
FeedMyStartup,https://feedmystartup.com/,Easy,Publication,<10K,https://feedmystartup.com/submit-your-startup/
The Register,https://www.theregister.com/,Hard,Publication,1M - 10M,https://www.theregister.com/Profile/contact/
EnGadget,https://www.engadget.com/support/,Hard,Publication,10M+,https://www.engadget.com/about-faq-194611880.html
Tech Radar,https://www.techradar.com/news/about-us#section-contact-us,Hard,Publication,10M+,https://www.techradar.com/news/about-us#section-faqs
ReadWrite,https://readwrite.com/contact/,Medium,Publication,100K-1M,https://readwrite.com/category/startups/
Venture Beat,https://venturebeat.com/,Medium,Publication,1M - 10M,https://info.venturebeat.com/Contact-Us-Page.html
App Picker,https://www.apppicker.com/site/contact,Medium,Publication,10K-100K,https://www.apppicker.com/about.html
Netted,https://www.netted.net/contact-us/,Medium,Publication,<10K,https://www.netted.net/guides/
Startup Dope,https://startupdope.com/submit-news/,Medium,Publication,<10K,https://startupdope.com/advice/
Paggu,https://www.paggu.com/,Medium,Publication,<10K,https://www.paggu.com/submit-your-startup/
All Top Startups,https://alltopstartups.com/submit-startup/,Medium,Publication,<10K,https://twitter.com/Alltopstartups
Digg,https://digg.com/technology,Medium,Publication,1M - 10M,https://digg.com/advertising
Startup Resources,https://startupresources.io/,Medium,Publication,<10K,https://startupresources.io/add-resource/
Mashable,https://mashable.com/about/contact-us,Hard,Publication,10M+,https://www.youtube.com/watch?v=s2LRnowQ_B8
Forbes,https://www.forbes.com/contact,Hard,Publication,100M+,https://www.youtube.com/watch?v=s2LRnowQ_B8
Startup Beat,https://startupbeat.com/startup-beat-featured-startup-pitch-guidelines/,Medium,Publication,<10K,https://twitter.com/startupbeat1
Redmond Pie,https://www.redmondpie.com/about/,Medium,Publication,100K-1M,https://www.redmondpie.com/advertise/
Tech EU,https://tech.eu/,Medium,Publication,100K-1M,https://tech.eu/startup-form/
American Startups,https://americanstartups.com/,Medium,Publication,<10K,https://americanstartups.com/share-your-story/
Hacker News,https://news.ycombinator.com/,Easy,Community,10M+,https://www.youtube.com/watch?v=17XZGUX_9iM
Indie Hackers,https://www.indiehackers.com/,Easy,Community,1M - 10M,https://www.youtube.com/watch?v=n41g_a0cgXU
StartupBase,https://startupbase.io/criteria,Medium,Community,<10K,https://startupbase.io/faq
Maker Move,https://www.makermove.com/,Medium,Community,<10K,https://www.makermove.com/promote
BookFace,https://bookface.ycombinator.com/,Hard,Community,<10K,https://www.youtube.com/watch?v=ZA_WqDO47-E
BroadWise Org,https://broadwise.org/,Easy,Community,<10K,https://broadwise.org/t/how-to-promote-your-startup-on-broadwise-org/125
Roast Or Toast,https://roastortoast.io/,Medium,Community,<10K,https://roastortoast.io/submit/step/1
F6S,https://www.f6s.com/,Easy,Community,100K-1M,https://www.youtube.com/watch?v=L3agAZVpj3o
Wip . Co,https://wip.co/,Easy,Community,<10K,https://wip.co/posts