Subreddit ,Sub Category,Post Title,Engagement,Upvotes,Comments,Image,Video/GIF,Link
r/stocks,Finance,I built a program that tracks mentions and sentiment of stocks across Reddit and Twitter to find rising stocks,0.40%,10241,791,,,https://www.reddit.com/r/stocks/comments/lmmn1g/i_built_a_program_that_tracks_mentions_and/
r/webdev,Web Development,I made a site with 550+ Free open source fully customizable SVG icons.,0.90%,6498,327,checked,,https://www.reddit.com/r/webdev/comments/hpcclm/i_made_a_site_with_550_free_open_source_fully/
r/investing,Finance,I created an algo that tracks the most hyped stocks on Reddit. Here are the results for this week,0.30%,4270,368,,,https://www.reddit.com/r/investing/comments/l3z5jq/i_created_an_algo_that_tracks_the_most_hyped/
r/webdev,Web Development,New business cards came in,0.60%,4239,506,checked,,https://www.reddit.com/r/webdev/comments/md8szx/new_business_cards_came_in/
r/webdev,Web Development,"I made the desktop music player I always wanted. A site to listen to your Soundcloud, Spotify, and Youtube playlists in one place!",0.50%,3821,352,,checked,https://www.reddit.com/r/webdev/comments/kpdsl3/i_made_the_desktop_music_player_i_always_wanted_a/
r/learnprogramming,Web Development,Spend 1 minute a day to improve your coding skills,0.20%,3201,224,,,https://www.reddit.com/r/learnprogramming/comments/l2n67i/spend_1_minute_a_day_to_improve_your_coding_skills/
r/learnprogramming,Web Development,I made a chrome extension that lets you copy text directly from Youtube videos,0.10%,2607,194,,,https://www.reddit.com/r/learnprogramming/comments/m5z3qu/i_made_a_chrome_extension_that_lets_you_copy_text/
r/entrepreneur,Startups / Makers,"From $0 to $323,010.43 in 14 months with a simple startup. The exact Facebook ads, landing pages, website, pricing strategy, sales aids and everything you need to do it yourself in one massive post. Nothing is held back.",0.30%,2262,258,,,https://www.reddit.com/r/Entrepreneur/comments/gs866a/from_0_to_32301043_in_14_months_with_a_simple/
r/webdev,Web Development,"[Showoff Saturday] I built fontofweb.com - a tool that shows you the fonts a website uses, where they are used and allows you to download the fonts",0.30%,2238,122,checked,,https://www.reddit.com/r/webdev/comments/jpofl1/showoff_saturday_i_built_fontofwebcom_a_tool_that/
r/webdev,Web Development,"After 4 years and a Master's degree in CS, I give you ""Mazetec"" - A platform for creating text-based adventures (with time pressure and points) e.g. CYOA, microlessons, scenarios, training, playable decision trees, etc. TRY IT!!",0.30%,2219,190,checked,,https://www.reddit.com/r/webdev/comments/hgugsj/after_4_years_and_a_masters_degree_in_cs_i_give/
r/learnprogramming,Web Development,Laid off or affected by the pandemic? I'm running a Free Full Stack Web Development Bootcamp to help folks unlock a career in tech. I would love to have you join!,0.10%,2188,356,,,https://www.reddit.com/r/learnprogramming/comments/izo985/laid_off_or_affected_by_the_pandemic_im_running_a/
r/webdev,Web Development,"I just launched Anyfiddle (JSFiddle for any language). You can start coding with pre-built templates like PHP, NodeJS, Python, Laravel, Django, etc. You can run any Linux command using the in-built terminal and access your running servers using public https URLs.",0.30%,2048,166,checked,,https://www.reddit.com/r/webdev/comments/iqu7pq/i_just_launched_anyfiddle_jsfiddle_for_any/
r/webdev,Web Development,Speedtyper.dev: Type racing for programmers,0.30%,1949,197,checked,,https://www.reddit.com/r/webdev/comments/kymnwr/speedtyperdev_type_racing_for_programmers/
r/webdev,Web Development,"I made a web app that lets you draw websites, then publish or download them — aspect.app",0.30%,1877,167,,checked,https://www.reddit.com/r/webdev/comments/j8hf0j/i_made_a_web_app_that_lets_you_draw_websites_then/
r/entrepreneur,Startups / Makers,"I have released my 2000+ instrumental pieces free under creative commons 3.0 by (Free to use in your videos, podcasts, movies, games or what ever. Just credit me Antti Luode) (If you can not, that is fine too.)",0.20%,1875,349,,,https://www.reddit.com/r/Entrepreneur/comments/gfl95c/i_have_released_my_2000_instrumental_pieces_free/
r/webdev,Web Development,I made a web app that creates a playlist based on your mood,0.20%,1865,62,,checked,https://www.reddit.com/r/webdev/comments/hxqmqx/i_made_a_web_app_that_creates_a_playlist_based_on/
r/WeAreTheMusicMakers,Music,I made a tool that creates visuals from music. Would love any feedback or ideas!,0.10%,1671,290,,checked,https://www.reddit.com/r/WeAreTheMusicMakers/comments/jqda6f/i_made_a_tool_that_creates_visuals_from_music/
r/entrepreneur,Startups / Makers,"Turning a Small App Into a $20,000/mo Business",0.20%,1376,274,,,https://www.reddit.com/r/Entrepreneur/comments/mhvryf/turning_a_small_app_into_a_20000mo_business/
r/entrepreneur,Startups / Makers,Turned a joke into a business.. and I just made my first sale!,0.20%,1191,321,,,https://www.reddit.com/r/Entrepreneur/comments/lc3z3o/turned_a_joke_into_a_business_and_i_just_made_my/
r/startups,Startups / Makers,SEO is easy. The EXACT process we use to scale our clients' SEO from 0 to 200k monthly traffic and beyond,0.20%,1157,212,,,https://www.reddit.com/r/startups/comments/hqgahk/seo_is_easy_the_exact_process_we_use_to_scale_our/
r/entrepreneur,Startups / Makers,21 tips for great copywriting,0.10%,1149,112,,,https://www.reddit.com/r/Entrepreneur/comments/gf52xm/21_tips_for_great_copywriting/
r/entrepreneur,Startups / Makers,How We Designed A $1.1 Million Fashion Product Without Being Into Fashion. This Process Works For Any Product.,0.10%,1031,146,,,https://www.reddit.com/r/Entrepreneur/comments/jeudrt/how_we_designed_a_11_million_fashion_product/
r/webdev,Web Development,I made this game/tool to help people learn the notes of their guitar. It's a PWA and mobile-friendly (link & detail in the comments). Feedback is appreciated :),0.10%,1001,63,,checked,https://www.reddit.com/r/webdev/comments/e7f8kt/i_made_this_gametool_to_help_people_learn_the/
r/sales,Sales,"I analyzed 64,562 ""cold"" emails sent over the last 2 years, here's how you should (probably) rewrite yours",0.70%,855,159,,,https://www.reddit.com/r/sales/comments/i0nzd8/i_analyzed_64562_cold_emails_sent_over_the_last_2/
r/wow,Gaming,Want to climb up in arena? We've built a nice tool to help you improve!,0.00%,758,42,,checked,https://www.reddit.com/r/wow/comments/m9z2ry/want_to_climb_up_in_arena_weve_built_a_nice_tool/
r/SideProject,Startups / Makers,I made an app that uses Machine Learning to detect &amp; undo photoshopped/edited images,1.00%,628,90,checked,,https://www.reddit.com/r/SideProject/comments/gs7r7h/i_made_an_app_that_uses_machine_learning_to/
r/web_design,Creators,I built a tool to help me copy UI elements from websites into Sketch so I can generate ideas quickly,0.10%,591,65,,checked,https://www.reddit.com/r/web_design/comments/m3i3hc/i_built_a_tool_to_help_me_copy_ui_elements_from/
r/SideProject,Startups / Makers,I made a website that removes all the clutter from recipe sites and just shows the instructions (www.JustTheRecipe.app),0.80%,496,89,checked,,https://www.reddit.com/r/SideProject/comments/lhw7hs/i_made_a_website_that_removes_all_the_clutter/
r/Bass/,Creators,I built a tool to help me learn to play the bass. I am releasing it today for free. Introducing KaraokeTabs!,0.30%,467,32,,,https://www.reddit.com/r/Bass/comments/m00j5k/i_built_a_tool_to_help_me_learn_to_play_the_bass/
r/reactjs,Web Development,I built a platform for front-end engineers to better prepare for interviews by solving real world programming interview questions. Any feedback would be appreciated! 💻,0.20%,459,50,,,https://www.reddit.com/r/reactjs/comments/lqrqv6/i_built_a_platform_for_frontend_engineers_to/
r/SideProject,Startups / Makers,I made a collection of more than 120 TailwindCSS blocks ready to copy-paste and is 100%,0.80%,457,96,checked,,https://www.reddit.com/r/SideProject/comments/kkojm5/i_made_a_collection_of_more_than_120_tailwindcss/
r/DnD,Hobbies,Free Ressource : 100+ Audio Ambiences of the highest quality,0.00%,449,81,,,https://www.reddit.com/r/DnD/comments/awwbqw/free_ressource_100_audio_ambiences_of_the_highest/
r/SideProject,Startups / Makers,Floorplanlab.com - Virtual graph paper to rapidly design floor plans,0.70%,444,47,,checked,https://www.reddit.com/r/SideProject/comments/hx6sgk/floorplanlabcom_virtual_graph_paper_to_rapidly/
r/startups,Startups / Makers,"I found 18 growth hacking examples to inspire you for your next campaign. (Not only popular ones like Airbnb and Dropbox, even one from Tiger King).",0.10%,407,51,,,https://www.reddit.com/r/startups/comments/fxq6tr/i_found_18_growth_hacking_examples_to_inspire_you/
r/SideProject,Startups / Makers,I made a Visual CSS Editor to quickly turn any design idea into reality ⚡ — browser extension,0.50%,353,35,,checked,https://www.reddit.com/r/SideProject/comments/llceqw/i_made_a_visual_css_editor_to_quickly_turn_any/
r/UI_Design,Creators,I built a tool to create animations &amp; frame UI interactions into device frames,0.80%,352,52,,,https://www.reddit.com/r/UI_Design/comments/m667w6/i_built_a_tool_to_create_animations_frame_ui/
r/SideProject,Startups / Makers,📱 I made a contacts app with reminders to keep in touch. What do you think?,0.60%,352,88,checked,,https://www.reddit.com/r/SideProject/comments/jhtxzl/i_made_a_contacts_app_with_reminders_to_keep_in/
r/sales,Sales,Want to sell to VPs and C-suite level? Find the ones who recently changed jobs. 3 years into software sales and this is one of the strongest buying intent signals I've found,0.30%,343,56,,,https://www.reddit.com/r/sales/comments/ll6rn4/want_to_sell_to_vps_and_csuite_level_find_the/
r/aws,Web Development,I built a tool which automatically suggests least-privilege IAM policies,0.20%,340,28,,,https://www.reddit.com/r/aws/comments/mlfbcw/i_built_a_tool_which_automatically_suggests/
r/SideProject,Startups / Makers,Generate 3D device mockups in a quick and engaging way,0.50%,320,46,,checked,https://www.reddit.com/r/SideProject/comments/m151ed/generate_3d_device_mockups_in_a_quick_and/
r/SideProject,Startups / Makers,"Hey Reddit, I made a web app to customize patterns for the web, enjoy!",0.50%,305,44,,checked,https://www.reddit.com/r/SideProject/comments/k4mh4e/hey_reddit_i_made_a_web_app_to_customize_patterns/
r/SideProject,Startups / Makers,Animorph Generator - A website that generates those weird Animorphs covers,0.50%,299,39,checked,,https://www.reddit.com/r/SideProject/comments/kfw7wc/animorph_generator_a_website_that_generates_those/
r/SideProject,Startups / Makers,"Read a book. Learn a language. I spent two years building Prismatext, which offers blended language versions of classic literature. I add new books weekly, new languages quarterly, and am constantly adding new features and improvements!",0.50%,296,37,checked,,https://www.reddit.com/r/SideProject/comments/gd986p/read_a_book_learn_a_language_i_spent_two_years/
r/startups,Startups / Makers,Our own step-by-step startup/project launch checklist,0.00%,291,32,,,https://www.reddit.com/r/startups/comments/gqanfk/our_own_stepbystep_startupproject_launch_checklist/
r/3Dprinting,Creators,[3D Printing Calculator] I built a free tool to help you price your 3D prints!,0.00%,276,67,checked,,https://www.reddit.com/r/3Dprinting/comments/mhhu30/3d_printing_calculator_i_built_a_free_tool_to/
r/sales,Sales,A google search that will give you lists with company data on 900+ saas companies in 3 secs. So simple you wouldn’t guess.,0.20%,267,31,,,https://www.reddit.com/r/sales/comments/jjtu1y/a_google_search_that_will_give_you_lists_with/
r/sales,Sales,The full guide to mastering calls with inbound leads (and a cheat sheet you should bring to your first 100 calls),0.20%,255,40,,,https://www.reddit.com/r/sales/comments/kr2837/the_full_guide_to_mastering_calls_with_inbound/
r/SideProject,Startups / Makers,My friend and I made Tinder for discovering underrated artists on Spotify. Just got on the App Store and Google Play Store!,0.50%,243,83,,checked,https://www.reddit.com/r/SideProject/comments/lgaxx7/my_friend_and_i_made_tinder_for_discovering/
r/EntrepreneurRideAlong,Startups / Makers,I made a list of over 70 tools for entrepreneurs! Could you give me some feedback?,0.20%,241,64,,,https://www.reddit.com/r/EntrepreneurRideAlong/comments/l3hafl/i_made_a_list_of_over_70_tools_for_entrepreneurs/
r/SEO,Marketing / Growth,I was bored during lockdown so created a directory of SEO tools.,0.20%,239,81,,,https://www.reddit.com/r/SEO/comments/g0lyia/i_was_bored_during_lockdown_so_created_a/
r/SideProject,Startups / Makers,"mmm.page → make free-from, drag-and-drop websites",0.40%,238,29,,checked,https://www.reddit.com/r/SideProject/comments/mkfjug/mmmpage_make_freefrom_draganddrop_websites/
r/SideProject,Startups / Makers,"I'm a 17 year old developer, and I just created my first webapp: Hoddit! Hoddit tracks the fastest growing posts on all of reddit by upvotes per minute and ranks them accordingly! I spent months learning how to do everything, so I'd appreciate if you guys checked it out :)",0.40%,237,44,,,https://www.reddit.com/r/SideProject/comments/ibqgaa/im_a_17_year_old_developer_and_i_just_created_my/
r/SideProject,Startups / Makers,Scraib - An app that turns handwriting to digital text,0.40%,232,29,,checked,https://www.reddit.com/r/SideProject/comments/l0m3xc/scraib_an_app_that_turns_handwriting_to_digital/
r/SideProject,Startups / Makers,"I made 100 high-quality illustrations, totally free. Will continue to add a new one each day. Use it anywhere without attribution.",0.40%,229,31,,,https://www.reddit.com/r/SideProject/comments/ke9f1e/i_made_100_highquality_illustrations_totally_free/
r/sales,Sales,"All the top 10% performers focus on fewer leads, but higher purchase intent. Check these 10 B2B lead generation strategies to close more deals in 2021.",0.20%,215,24,,,https://www.reddit.com/r/sales/comments/l0oo08/all_the_top_10_performers_focus_on_fewer_leads/
r/sales,Sales,10 tips to mastering calls with interested prospects,0.20%,210,26,,,https://www.reddit.com/r/sales/comments/lmtc15/10_tips_to_mastering_calls_with_interested/
r/SideProject,Startups / Makers,"I've been trying to fix Netflix's ""quantity over quality"" problem. After 4 months of data wrangling, I'd love to share FlixGem.com as a way of cutting through the noise.",0.30%,207,30,checked,,https://www.reddit.com/r/SideProject/comments/m9c6yn/ive_been_trying_to_fix_netflixs_quantity_over/
r/TheSideHustle,Startups / Makers,"I created a ""look up any company's suppliers"" tool named ImportYeti. It's designed to help you find and vet suppliers 1000x times easier than Alibaba or other sites",1.10%,189,113,,,https://www.reddit.com/r/thesidehustle/comments/iz147k/i_created_a_look_up_any_companys_suppliers_tool/
r/podcasting,Creators,I've composed 150 completely free songs and sound effects you can use in any personal and commercial project!,0.30%,172,40,,,https://www.reddit.com/r/podcasting/comments/gtd2ca/ive_composed_150_completely_free_songs_and_sound/
r/podcasting,Creators,"[200,000 Downloads] Here's 14 things I wish I had known when I started my podcast",0.40%,171,104,,,https://www.reddit.com/r/podcasting/comments/hibywb/200000_downloads_heres_14_things_i_wish_i_had/
r/SEO,Marketing / Growth,My best practices to removing URLs from Google quickly,0.10%,167,12,,,https://www.reddit.com/r/SEO/comments/k068k1/my_best_practices_to_removing_urls_from_google/
r/TheSideHustle,Startups / Makers,"After 75+ convos with r/TheSideHustle giving feedback on my free ""look up any company's suppliers"" tool, E.x. Who makes Uniqlo Jeans's?, I've made 125+ changes to ImportYeti and am happy to announce ImportYeti Beta V3.0",0.70%,158,42,,,https://www.reddit.com/r/thesidehustle/comments/lbpgre/after_75_convos_with_rthesidehustle_giving/
r/admincraft,Gaming,"Made a free tool to make animated server banners, would love some feedback!",0.30%,157,34,,,https://www.reddit.com/r/admincraft/comments/i1a0vp/made_a_free_tool_to_make_animated_server_banners/
r/SideProject,Startups / Makers,I made a simple 𝗙𝗮𝗻𝗰𝘆 𝗙𝗼𝗻𝘁 𝗚𝗲𝗻𝗲𝗿𝗮𝘁𝗼𝗿,0.20%,154,21,,checked,https://www.reddit.com/r/SideProject/comments/kaatel/i_made_a_simple_𝗙𝗮𝗻𝗰𝘆_𝗙𝗼𝗻𝘁_𝗚𝗲𝗻𝗲𝗿𝗮𝘁𝗼𝗿/
r/DigitalNomads,Startups / Makers,Me and my two cofounders (all digital nomads) have spent the last year making an insurance specifically for digital nomads. We just launched. Feedback greatly appreciated!,0.00%,143,123,,,https://www.reddit.com/r/digitalnomad/comments/7y2pr1/me_and_my_two_cofounders_all_digital_nomads_have/
r/shopify,Marketing / Growth,"After 90+ Shopify redditors giving feedback on my free ""lookup a company's suppliers"" tool, I made 75+ changes and am announcing ImportYeti Beta V3",0.20%,139,50,,,https://www.reddit.com/r/shopify/comments/kv4lcq/after_90_shopify_redditors_giving_feedback_on_my/
r/SEO,Marketing / Growth,Everything you need to know about Google's URL Inspection Tool,0.10%,122,31,,,https://www.reddit.com/r/SEO/comments/lmqcxl/everything_you_need_to_know_about_googles_url/
r/SEO,Marketing / Growth,Learn SEO basics from MOZ ACADEMY - now FREE up to 31st May 2020,0.10%,116,24,,,https://www.reddit.com/r/SEO/comments/g120qt/learn_seo_basics_from_moz_academy_now_free_up_to/
r/IndieDev,Web Development,"Just hit 500 purchases on steam and near 3500 in sales. Really happy with the overwhelmingly positive feedback and looking forward add more to the game over this week. FADE the First Chapter launched in early access in December, so for it to do so well and be my first project its truly inspiring.",0.20%,106,32,,checked,https://www.reddit.com/r/IndieDev/comments/mfs100/just_hit_500_purchases_on_steam_and_near_3500_in/
r/sanfrancisco,Local,I built a tool to help you find things to buy at local businesses - is this something you would use?,0.10%,105,23,,,https://www.reddit.com/r/sanfrancisco/comments/m322ll/i_built_a_tool_to_help_you_find_things_to_buy_at/
r/TheSideHustle,Startups / Makers,I quit my job to make model trains for a living,0.40%,95,27,,,https://www.reddit.com/r/thesidehustle/comments/i07drr/i_quit_my_job_to_make_model_trains_for_a_living/
r/SEO,Marketing / Growth,Open and free posting website – simple markdown editing,0.10%,93,0,,,https://www.reddit.com/r/SEO/comments/k1hal4/open_and_free_posting_website_simple_markdown/
r/SaaS,SaaS,750+ SaaS Startup Ideas For You That Work,0.60%,91,13,,,https://www.reddit.com/r/SaaS/comments/mc0jbs/750_saas_startup_ideas_for_you_that_work/
r/SEO,Marketing / Growth,"Keyword Surfer – free SEO Chrome extension – got an update. Databases for 70 countries, more keyword ideas, on-page data points",0.10%,87,54,,,https://www.reddit.com/r/SEO/comments/gac3d8/keyword_surfer_free_seo_chrome_extension_got_an/
r/TheSideHustle,Startups / Makers,I just made a site that connects podcast hosts with people who want to be on podcasts,0.40%,79,22,,,https://www.reddit.com/r/thesidehustle/comments/gcwqn0/i_just_made_a_site_that_connects_podcast_hosts/
r/TheSideHustle,Startups / Makers,"Restaurant closing again, so doing a cooking live stream of my all-time favorite dish to help make rent a reality!",0.30%,77,4,,,https://www.reddit.com/r/thesidehustle/comments/klg10p/restaurant_closing_again_so_doing_a_cooking_live/
r/SaaS,SaaS,How I launched a profitable SaaS Product in 63 days while working full-time.,0.60%,73,37,,,https://www.reddit.com/r/SaaS/comments/ljvr72/how_i_launched_a_profitable_saas_product_in_63/
r/ColorGradingPorn,Creators,Hi all! I have made a free online tool to convert lightroom/photoshop/vsco.. edits to LUTS and I would love to get some feedback. This application was a program I first made for myself but decided to put it online as I realized it could help other videographers as well! I am already working on a n,0.50%,73,5,,,https://www.reddit.com/r/ColorGradingPorn/comments/jq3n3a/hi_all_i_have_made_a_free_online_tool_to_convert/
r/SEO,Marketing / Growth,Created an SEO tool to solve a problem I was having - would love some feedback,0.10%,66,26,,,https://www.reddit.com/r/SEO/comments/hpc6s7/created_an_seo_tool_to_solve_a_problem_i_was/
r/BitcoinMarkets,Finance,Recently launched my free tax calculation and portfolio analysis tool. Feedback appreciated,0.00%,60,29,,,https://www.reddit.com/r/BitcoinMarkets/comments/mfxmgn/recently_launched_my_free_tax_calculation_and/
r/SEO,Marketing / Growth,I created a tool to get PageSpeed Insights data for multiple URLs,0.10%,57,49,,checked,https://www.reddit.com/r/SEO/comments/iodkkx/i_created_a_tool_to_get_pagespeed_insights_data/
r/Startup_Ideas,Startups / Makers,I built a curated list of money-making online projects. Looking for feedback :),0.20%,55,7,,,https://www.reddit.com/r/Startup_Ideas/comments/l4c1q1/i_built_a_curated_list_of_moneymaking_online/
r/SaaS,SaaS,Just hit $9k MRR roughly two years after launching.,0.40%,53,23,,,https://www.reddit.com/r/SaaS/comments/jifczz/just_hit_9k_mrr_roughly_two_years_after_launching/
r/mead/,Food & Beverage,"Feedback on these mead packs? --- we just launched with an incredible meadery, Helderberg, in upstate NY. Is it on brand?",0.10%,52,16,checked,,https://www.reddit.com/r/mead/comments/mjopfl/feedback_on_these_mead_packs_we_just_launched/
r/SaaS,SaaS,"My SaaS Product has made $3,650 already 🤩 But there's a flip side to the story...",0.50%,51,29,,,https://www.reddit.com/r/SaaS/comments/mdrr6p/my_saas_product_has_made_3650_already_but_theres/
r/DigitalMarketing,Marketing / Growth,I created my first course on design for marketing using Canva. Anyone interested send me DM,0.10%,49,33,,,https://www.reddit.com/r/DigitalMarketing/comments/ie9xze/i_created_my_first_course_on_design_for_marketing/
r/nocode,NoCode,"I made SpreadTheWorld ,a database of 400+ places to post your product",1.00%,48,8,,,https://www.reddit.com/r/nocode/comments/jqdcc2/i_made_spreadtheworld_a_database_of_400_places_to/
r/nocode,NoCode,11 profitable business ideas you can build without code,1.00%,46,10,,,https://www.reddit.com/r/nocode/comments/iu46fc/11_profitable_business_ideas_you_can_build/
r/SaaS,SaaS,My microSaaS is now generating $300 MRR,0.40%,44,29,,,https://www.reddit.com/r/SaaS/comments/i3nplu/my_microsaas_is_now_generating_300_mrr/
r/SaaS,SaaS,My website translation service just hit $14k MRR 🤑,0.30%,44,13,,,https://www.reddit.com/r/SaaS/comments/m0stx1/my_website_translation_service_just_hit_14k_mrr/
r/SaaS,SaaS,My 4th SaaS hit $12.5K MRR in 1 month,0.40%,42,28,,,https://www.reddit.com/r/SaaS/comments/l3lcsq/my_4th_saas_hit_125k_mrr_in_1_month/
r/nocode,NoCode,6000+ word guide on 33+ Best No Code Tools you will love 😍,1.10%,39,23,,,https://www.reddit.com/r/nocode/comments/krhrck/6000_word_guide_on_33_best_no_code_tools_you_will/
r/SaaS,SaaS,I failed for 6 months straight and then achieved $2K+ MRR in less than 15 days.,0.30%,39,15,,,https://www.reddit.com/r/SaaS/comments/huie85/i_failed_for_6_months_straight_and_then_achieved/
r/SaaS,SaaS,Good Sales Emails by leading SaaS companies (100+ great examples),0.30%,37,12,,,https://www.reddit.com/r/SaaS/comments/kr2jz9/good_sales_emails_by_leading_saas_companies_100/
r/Kitchenaid,Food & Beverage,"I built myself a tool that helps me keeping track of every item in my fridge, organize my pantry, plan out meals with my own or new recipes, and more!",0.30%,36,5,,checked,https://www.reddit.com/r/Kitchenaid/comments/ma1638/i_built_myself_a_tool_that_helps_me_keeping_track/
r/Startup_Ideas,Startups / Makers,Deployee.io: a platform to let startups who are low on cash/work to contract out their teams to other startups!,0.10%,34,8,,,https://www.reddit.com/r/Startup_Ideas/comments/g6z6m5/deployeeio_a_platform_to_let_startups_who_are_low/
r/Startup_Ideas,Startups / Makers,5 Lessons Learned from Brainstorming 200 New Business Ideas,0.10%,33,8,,,https://www.reddit.com/r/Startup_Ideas/comments/liox0y/5_lessons_learned_from_brainstorming_200_new/
r/discgolf,Hobbies,"We launched! It’s been super fun designing these ridiculous stamps. Get backed or not, I will keep the stamps coming. Y’all have been great for feedback and support, so thank you!",0.00%,30,21,checked,,https://www.reddit.com/r/discgolf/comments/mbrrj6/we_launched_its_been_super_fun_designing_these/
r/nocode,NoCode,Building a membership site from scratch entirely with no-code tools,0.50%,23,6,,,https://www.reddit.com/r/nocode/comments/g7hecv/building_a_membership_site_from_scratch_entirely/
r/copywriting,Marketing / Growth,I made a tool for copywriters to provide and collect feedback on live websites,0.10%,22,10,checked,,https://www.reddit.com/r/copywriting/comments/jw0o5o/i_made_a_tool_for_copywriters_to_provide_and/
r/B2BSaaS,SaaS,15 Examples of Great SaaS Websites and What You Can Learn From Them,0.50%,7,1,,,https://www.reddit.com/r/B2BSaaS/comments/kqpz0j/15_examples_of_great_saas_websites_and_what_you/
r/SaaSSales,SaaS,A checklist of 15+ CRO tips for your SaaS,0.70%,6,0,,,https://www.reddit.com/r/SaaSSales/comments/j7wpv0/a_checklist_of_15_cro_tips_for_your_saas/
r/B2BSaaS,SaaS,Linkedin Automation: Building a LinkedIn Bot with Followups from Scratch,0.50%,6,2,,checked,https://www.reddit.com/r/B2BSaaS/comments/g7qtrv/linkedin_automation_building_a_linkedin_bot_with/
,,,NaN,,,,,