页面 AS,源页面标题和 URL,外部链接,内部链接,锚链接和目标 URL,首次发现日期,上次发现日期
0,https://yourtrustedai.com/ai-tools/agentic-ai-smarter-agent-tools/ | 博客 | EN | 移动友好,5,74,https://www.agentic.ai/ | 文本,2025年10月19日,11 天前
0,https://www.world-today-news.com/amazon-bedrock-beginners-guide-to-ai-generative-ai-in-the-cloud/ | 博客 | EN | 移动友好,17,64,https://www.agentic.ai/careers/research-scientist-1 | 文本 | 内容,2025年12月7日,2025年12月7日
0,https://www.world-today-news.com/alibaba-ai-qwen-agent-framework-ranks-1-globally/ | 博客 | EN | 移动友好,14,95,https://agentic.ai/ | 文本 | 内容,2025年10月29日,2025年10月29日
0,https://www.world-today-journal.com/protect-your-ai-data-preventing-database-loss-downtime/ | 博客 | EN | 移动友好,10,59,https://www.agentic.ai/ | 文本 | 内容,2025年12月19日,2026年2月19日
0,https://www.world-today-journal.com/future-of-health-tech-2026-trends-to-know/ | 博客 | EN | 移动友好,5,61,https://agentic.ai/about | 文本 | 内容,2026年2月7日,2026年2月7日
0,https://www.world-today-journal.com/claude-code-the-ai-coding-assistant-revolutionizing-tech/ | 博客 | EN | 移动友好,24,62,https://agentic.ai/ | 文本 | 内容,2026年1月19日,2026年1月19日
0,https://www.world-today-journal.com/ai-agents-in-healthcare-microsoft-nurses-mary-varghese-presti-interview/ | 博客 | EN | 移动友好,4,35,https://www.agentic.ai/agentic-ai-part-7-governance-in-agentic-ai | 文本 | 内容,2026年1月9日,8 天前
0,https://www.world-today-journal.com/ai-agents-3-business-transformations-happening-now/ | 博客 | EN | 移动友好,8,64,https://www.agentic.ai/ | 文本 | 内容,2025年11月27日,2026年1月31日
0,https://www.world-today-journal.com/agentic-ai-in-healthcare-solving-resource-challenges/ | 博客 | EN | 移动友好,4,35,https://www.agentic.ai/part-4-agentic-ai-frameworks | 文本 | 内容,2026年1月23日,3 天前
0,https://www.world-today-journal.com/agentic-ai-in-finance-a-strategic-imperative-for-financial-institutions/ | 博客 | EN | 移动友好,5,61,https://agentic.ai/ | 文本 | 内容,2026年2月8日,2026年2月8日
0,https://www.world-today-journal.com/agentic-ai-future-trends-implications/ | 博客 | EN | 移动友好,6,61,https://www.agentic.ai/privacy | 文本 | 内容,2026年1月7日,2026年2月16日
0,https://www.world-today-journal.com/agentic-ai-building-trust-and-accelerating-innovation-in-life-sciences/ | 博客 | EN | 移动友好,6,64,https://agentic.ai/about | 文本 | 内容,2026年2月7日,2026年2月7日
0,https://www.trplane.com/el-pulso-de-la-inversion-temprana-un-vistazo-a-las-ultimas-rondas-de-financiacion/ | 博客 | ES | 移动友好,78,110,https://www.agentic.ai/ | 文本 | 内容 | 新增,2026年2月27日,2026年2月27日
0,https://www.somuchinfo.com/tech/peter-steinberger-openclaw-developer-onboards-at-openai/ | 博客 | EN | 移动友好,32,61,https://agentic.ai/ | 文本 | 内容 | 新增,3 天前,3 天前
0,https://www.solution4guru.com/understanding-agentic-ai-the-future-of-autonomous-intelligence/ | 博客 | EN | 移动友好,21,83,https://www.agentic.ai/ | 文本 | 内容 | Nofollow,2025年8月11日,2026年3月1日
0,https://www.newsylist.com/bill-mcdermott-software-industry-disruption-collapse/ | 博客 | EN | 移动友好,10,98,https://www.agentic.ai/careers/software-engineer | 文本 | 内容,2025年12月16日,2025年12月16日
0,https://www.newsy-today.com/why-build-ai-why-most-companies-shouldnt/ | 博客 | EN | 移动友好,12,62,https://www.agentic.ai/_api/v2/dynamicmodel | 文本 | 内容,2025年8月6日,2025年12月6日
0,https://www.newsy-today.com/nvidias-bartley-richardson-ai-agents-automation/ | 博客 | EN | 移动友好,11,64,https://www.agentic.ai/careers/ux-engineer | 文本 | 内容,2025年6月1日,2026年1月30日
0,https://www.newsy-today.com/nvidia-platforms-lead-the-way-building-ai-agent-infrastructure-with-top-storage-solutions/ | 博客 | EN | 移动友好,10,65,https://www.agentic.ai/sign-up | 文本 | 内容,2025年5月21日,7 天前
0,https://www.newsy-today.com/microsofts-latest-release-announcements-aimed-at-streamlining-agentic-ai-increasing-accessibility/ | 博客 | EN | 移动友好,12,74,https://www.agentic.ai/_api/v2/dynamicmodel | 文本 | 内容,2025年11月26日,2026年2月2日
0,https://www.newsy-today.com/how-to-spot-ai-washing-in-vendor-marketing/ | 博客 | EN | 移动友好,13,62,https://www.agentic.ai/ | 文本 | 内容,2025年8月20日,2025年11月30日
0,https://www.newsy-today.com/deutsche-banks-cautious-approach-to-agentic-ai/ | 博客 | EN | 移动友好,11,75,https://www.agentic.ai/careers | 文本 | 内容,2025年8月24日,2026年1月31日
0,https://www.newsy-today.com/cio-clones-techies-with-digital-twins-ai/ | 博客 | EN | 移动友好,12,64,https://www.agentic.ai/_api/v2/dynamicmodel | 文本 | 内容,2025年10月2日,2026年1月18日
0,https://www.newsy-today.com/agentic-ai-vs-danabot-soc-team-lessons-learned/ | 博客 | EN | 移动友好,10,63,https://www.agentic.ai/careers | 文本 | 内容,2025年7月6日,2025年12月2日
0,https://www.newsdirectory3.com/tag/vc/ | 博客 | EN | 移动友好,15,73,https://www.agentic.ai/careers/ai-engineer | 文本 | 内容,2025年7月4日,2026年2月6日
0,https://www.newsdirectory3.com/multi-agent-systems-market-applications/ | 博客 | EN | 移动友好,10,108,https://www.agentic.ai/_api/v2/dynamicmodel | 文本 | 内容,2025年12月26日,2025年12月26日
0,https://www.newsdirectory3.com/meritto-mio-ai-educations-autonomous-agent-suite/ | 博客 | EN | 移动友好,10,74,https://www.agentic.ai/_api/v2/dynamicmodel | 文本 | 内容,2025年12月18日,2026年2月18日
0,https://www.live-feeds.com/2025/05/29/agentic-ai-vs-danabot-soc-team-lessons-learned/ | 博客 | EN | 移动友好,5,21,https://www.agentic.ai/careers | 文本 | 内容,2025年6月13日,2026年1月21日
0,https://www.live-feeds.com/2025/05/23/microsofts-latest-release-announcements-aimed-at-streamlining-agentic-ai-increasing-accessibility/ | 博客 | EN | 移动友好,8,21,https://www.agentic.ai/_api/v2/dynamicmodel | 文本 | 内容,2025年8月6日,8 天前
0,https://www.live-feeds.com/2025/05/20/nvidia-platforms-lead-the-way-building-ai-agent-infrastructure-with-top-storage-solutions/ | 博客 | EN | 移动友好,8,21,https://www.agentic.ai/sign-up | 文本 | 内容,2025年6月14日,2025年11月19日
0,https://www.lederniereheure.com/marche-dia-agentique-croissance-a-418-milliards-dici-2030/ | 博客 | FR | 移动友好,11,63,https://www.agentic.ai/blank | 文本 | 内容,2025年9月27日,2026年1月17日
0,https://www.archynewsy.com/zenith-live-2025-dates-speakers-las-vegas-info/ | 博客 | EN | 移动友好,14,105,https://www.agentic.ai/_api/v2/dynamicmodel | 文本 | 内容,2025年10月26日,2025年12月19日
0,https://www.archynewsy.com/wwdc-2025-apple-ai-os-updates-what-to-expect/ | 博客 | EN | 移动友好,9,100,https://www.agentic.ai/sign-up | 文本 | 内容,2025年6月12日,2026年1月16日
0,https://www.archynewsy.com/nvidia-ai-agents-next-level-automation-bartley-richardson/ | 博客 | EN | 移动友好,13,81,https://www.agentic.ai/careers/ai-engineer | 文本 | 内容,2025年5月31日,2026年1月19日
0,https://www.archynewsy.com/agentic-ai-portals-power-pages-for-citizen-customer-service-microsoft/ | 博客 | EN | 移动友好,16,98,https://www.agentic.ai/careers/ai-engineer | 文本 | 内容,2025年5月27日,2026年1月20日
0,https://www.archynetys.com/nvidia-rtx-5000-blackwell-72gb-gpu-now-available-for-ai/ | 博客 | EN | 移动友好,18,49,https://www.agentic.ai/part-4-agentic-ai-frameworks | 文本 | 内容,2025年12月23日,2026年2月12日
0,https://www.archynetys.com/lenovo-nvidia-hybrid-ai-advantage-boost-business-efficiency/ | 博客 | EN | 移动友好,10,62,https://www.agentic.ai/sign-up | 文本 | 内容,2025年4月7日,2026年2月19日
0,https://www.archynetys.com/gpt-5-openais-next-gen-ai-model/ | 博客 | EN | 移动友好,10,53,https://www.agentic.ai/sign-up | 文本 | 内容,2025年8月3日,2025年12月28日
0,https://www.archynetys.com/enterprise-ai-key-ingredients-for-success/ | 博客 | EN | 移动友好,14,46,https://www.agentic.ai/ | 文本 | 内容,2025年12月2日,2025年12月2日
0,https://www.archynetys.com/deutsche-bank-agentic-ai-a-cautious-outlook/ | 博客 | EN | 移动友好,19,67,https://www.agentic.ai/careers/ai-engineer | 文本 | 内容,2025年9月10日,2026年2月14日
0,https://www.archynetys.com/ai-savvy-cio-7-key-behaviors/ | 博客 | EN | 移动友好,18,60,https://www.agentic.ai/ | 文本 | 内容,2025年11月13日,2026年1月5日
0,https://www.archynetys.com/ai-agents-transforming-digital-product-development-part-1/ | 博客 | EN | 移动友好,9,87,https://www.agentic.ai/ | 文本 | 内容,2025年7月7日,2025年10月28日
0,https://www.agence-ia.com/blog/la-revolution-lecun-ce-que-la-future-licorne-ia-francaise-va-changer-pour-les-pme-cabinets-et-agences-dintelligence-artificielle-des-2026/ | 博客 | FR | 移动友好,6,41,https://www.agentic.ai/foundation | 文本 | 内容,2026年1月26日,6 天前
0,https://www.academiadeia.com/directorio-de-apps/agentic/ | 博客 | ES | 移动友好,5,61,https://www.agentic.ai/ | 文本,2025年5月25日,2026年2月14日
0,https://worldlinksites.com/advanced-omnichannel-strategies-for-seamless-customer-journeys/ | 博客 | 移动友好,3001,20,https://agentic.ai/ | 文本,2025年5月26日,2026年2月26日
0,https://webfusiontechnology.com/news-articles/future-of-ai-in-web-dev/ | 博客 | EN | 移动友好,14,61,https://www.agentic.ai/ | 文本 | 内容,2025年7月17日,11 天前
0,https://uncagedminds.substack.com/p/ai-native-development-six-months | 博客 | EN | 移动友好,12,14,https://agentic.ai/ | 文本 | 内容 | 新增,12 天前,4 天前
0,https://uncagedminds.substack.com/p/ai-native-development-six-months | 博客 | EN | 移动友好,12,14,https://agentic.ai/ | 文本 | 内容 | 新增,12 天前,4 天前
0,https://toolspedia.ai/alternatives/agentic/ | 博客 | EN | 移动友好,9,34,https://www.agentic.ai/ | 文本 | Nofollow,2025年4月7日,18 小时前
0,https://toolspedia.ai/ai-tools/agentic/ | 博客 | EN | 移动友好,10,85,https://www.agentic.ai/ | 文本 | Nofollow,2025年8月1日,5 天前
0,https://time.news/stay-ahead-proactive-strategies-for-success/ | 博客 | EN | 移动友好,10,76,https://www.agentic.ai/careers/research-scientist-inactive | 文本 | 内容,2025年10月26日,2026年2月18日
0,https://time.news/salesforce-wants-to-do-for-agentic-ai-what-they-did-for-saas/ | 博客 | EN | 移动友好,10,84,https://www.agentic.ai/ | 文本 | 内容,2025年10月21日,2026年2月14日
0,https://time.news/mcp-implementation-at-a-crm-a-real-world-look/ | 博客 | EN | 移动友好,6,64,https://www.agentic.ai/ | 文本 | 内容,2025年9月26日,5 天前
0,https://time.news/google-bot-payments-prep/ | 博客 | EN | 移动友好,9,80,https://www.agentic.ai/careers/research-scientist-inactive | 文本 | 内容,2025年9月30日,2026年1月8日
0,https://time.news/generative-ai-for-lawyers-15-top-tools-2024/ | 博客 | EN | 移动友好,26,92,https://www.agentic.ai/sign-up | 文本 | 内容,2026年1月22日,2026年1月22日
0,https://time.news/edrilling-rebrands-rigzone/ | 博客 | EN | 移动友好,10,93,https://www.agentic.ai/careers/ai-engineer | 文本 | 内容,2025年10月6日,2025年12月8日
0,https://time.news/ai-scheduling-agentic-ai-linear-programming/ | 博客 | EN | 移动友好,12,89,https://www.agentic.ai/ | 文本 | 内容,2025年10月17日,2025年12月19日
0,https://time.news/ai-news-roundup-ibm-insight-jam-skiilify-more/ | 博客 | EN | 移动友好,12,110,https://www.agentic.ai/careers/ai-engineer | 文本 | 内容,2025年10月15日,2025年10月15日
0,https://time.news/ai-in-korea-nvidia-on-digital-growth-government-impact/ | 博客 | EN | 移动友好,8,66,https://www.agentic.ai/privacy | 文本 | 内容,2025年12月1日,17 小时前
0,https://time.news/ai-customer-support-graia-launches-empathetic-ai/ | 博客 | EN | 移动友好,11,86,https://www.agentic.ai/careers/ai-engineer | 文本 | 内容,2025年12月29日,2026年2月21日
0,https://teknofili.com/ai-ajani-egitim-sirasinda-yetkisiz-kripto-madenciligi-yapmaya-calisti-arastirmacilar-duyurdu/ | 博客 | TR | 移动友好,43,7,https://agentic.ai/ | 文本 | 内容 | 新增,11 小时前,11 小时前
0,https://techreport.gr/page/315/ | 博客 | EL | 移动友好,46,44,https://www.agentic.ai/ | 文本 | 内容,2025年12月31日,2025年12月31日
0,https://techreport.gr/page/313/ | 博客 | EL | 移动友好,35,44,https://www.agentic.ai/ | 文本 | 内容,2025年12月30日,2025年12月30日
0,https://techreport.gr/anatropi-ston-trader-support-service-i-netcompany-eiserchetai-sti-nea-fasi/ | 博客 | EL | 移动友好,15,93,https://www.agentic.ai/ | 文本 | 内容,2025年12月21日,2026年1月19日
0,https://techentires.com/how-agentic-ai-transforms-aml-access/ | 博客 | EN | 移动友好,3,60,https://www.agentic.ai/ | 文本 | 内容,2025年8月2日,2026年2月14日
0,https://techearninghub.com/ai-is-one-of-the-fastest-growing-trends-globally-in-2025/ | 博客 | EN | 移动友好,8,32,https://www.agentic.ai/ | 文本 | 内容,2025年10月21日,2026年2月24日
0,https://techbit.gr/page/1304/ | 博客 | EL | 移动友好,140,8,https://www.agentic.ai/ | 文本 | 内容 | 新增,2026年2月16日,2026年2月16日
0,https://techbit.gr/page/1304/ | 博客 | EL | 移动友好,140,8,https://www.agentic.ai/devsummit | 文本 | 内容 | 新增,2026年2月16日,2026年2月16日
0,https://techbit.gr/page/1006/?start=81 | 博客 | EL | 移动友好,92,8,https://www.agentic.ai/ | 文本 | 内容,2026年2月6日,2026年2月6日
0,https://techbit.gr/page/1006/?start=78 | 博客 | EL | 移动友好,92,8,https://www.agentic.ai/ | 文本 | 内容 | 新增,2026年2月17日,2026年2月17日
0,https://techbit.gr/page/1006/?start=560 | 博客 | EL | 移动友好,92,8,https://www.agentic.ai/ | 文本 | 内容,2026年2月3日,2026年2月3日
0,https://techbit.gr/page/1006/?start=4602 | 博客 | EL | 移动友好,92,8,https://www.agentic.ai/ | 文本 | 内容 | 新增,2026年2月16日,2026年2月16日
0,https://techbit.gr/page/1006/?start=1780 | 博客 | EL | 移动友好,92,8,https://www.agentic.ai/ | 文本 | 内容,2026年2月12日,2026年2月12日
0,https://techbit.gr/page/1006/?start=144 | 博客 | EL | 移动友好,92,8,https://www.agentic.ai/ | 文本 | 内容 | 新增,2026年2月16日,2026年2月16日
0,https://techbit.gr/page/1006/?redirect_to=https%3A%2F%2Fwww.starlinkgreece.gr%2Fypsilis-akriveias-laser-charaxis-syskevi-sculpfun-s30-ultra | 博客 | EL | 移动友好,92,8,https://www.agentic.ai/ | 文本 | 内容 | 新增,2026年2月18日,2026年2月18日
0,https://techbit.gr/page/1006/?redirect_to=https%3A%2F%2Fwww.starlinkgreece.gr%2Fto-starfield-katakta-ta-14-ekatommyria-paiktes-kai-anakoinonei-etisies-epektaseis-istorias-se-mia-anexerevniti-galaxia | 博客 | EL | 移动友好,92,8,https://www.agentic.ai/ | 文本 | 内容,2026年1月30日,2026年1月30日
0,https://techbit.gr/page/1006/?redirect_to=https%3A%2F%2Fwww.starlinkgreece.gr%2Fta-samsung-galaxy-smartwatches-tha-prosferoun-metrisi-age-gia-tin-ygeia-sas | 博客 | EL | 移动友好,92,8,https://www.agentic.ai/ | 文本 | 内容,2026年2月10日,2026年2月10日
0,https://techbit.gr/page/1006/?redirect_to=https%3A%2F%2Fwww.starlinkgreece.gr%2Fsymfonia-anamesa-se-ergazomenous-sto-syndikato-tis-amazon-kai-teamster | 博客 | EL | 移动友好,92,8,https://www.agentic.ai/ | 文本 | 内容 | 新增,2026年2月16日,2026年2月16日
0,https://techbit.gr/page/1006/?redirect_to=https%3A%2F%2Fwww.starlinkgreece.gr%2Fprosfora-ekptosi-20-se-stromata-me-dorean-rythmizomeni-vasi | 博客 | EL | 移动友好,92,8,https://www.agentic.ai/ | 文本 | 内容,2026年2月6日,2026年2月6日
0,https://techbit.gr/page/1006/?redirect_to=https%3A%2F%2Fwww.starlinkgreece.gr%2Fprokliseis-stin-kykloforia-tou-palworld-gia-to-switch | 博客 | EL | 移动友好,92,8,https://www.agentic.ai/ | 文本 | 内容,2026年2月11日,2026年2月11日
0,https://techbit.gr/page/1006/?redirect_to=https%3A%2F%2Fwww.starlinkgreece.gr%2Fpithanoi-kindynoi-kai-epiplokes-stin-plastiki-cheirourgiki | 博客 | EL | 移动友好,92,8,https://www.agentic.ai/ | 文本 | 内容 | 新增,2026年2月18日,2026年2月18日
0,https://techbit.gr/page/1006/?redirect_to=https%3A%2F%2Fwww.starlinkgreece.gr%2Fnees-leitourgies-tou-homekit-sto-ios-18 | 博客 | EL | 移动友好,92,8,https://www.agentic.ai/ | 文本 | 内容,2026年2月4日,2026年2月4日
0,https://techbit.gr/page/1006/?redirect_to=https%3A%2F%2Fwww.starlinkgreece.gr%2Fnea-enimerosi-asfaleias-gia-to-samsung-galaxy-s24-stin-india-ton-iounio-tou-2024 | 博客 | EL | 移动友好,92,8,https://www.agentic.ai/ | 文本 | 内容,2026年2月9日,2026年2月9日
0,https://techbit.gr/page/1006/?redirect_to=https%3A%2F%2Fwww.starlinkgreece.gr%2Fi-qualcomm-anakoinonei-to-neo-soc-snapdragon-6s-gen-3 | 博客 | EL | 移动友好,92,8,https://www.agentic.ai/ | 文本 | 内容,2026年2月11日,2026年2月11日
0,https://techbit.gr/page/1006/?redirect_to=https%3A%2F%2Fwww.starlinkgreece.gr%2Fi-google-epekteinei-to-programma-episkevis-othonis-gia-to-pixel-8-2 | 博客 | EL | 移动友好,92,8,https://www.agentic.ai/ | 文本 | 内容,2026年2月8日,2026年2月8日
0,https://techbit.gr/page/1006/?redirect_to=https%3A%2F%2Fwww.starlinkgreece.gr%2Fi-anagki-gia-realismo-stis-istories-yperiroon-symfona-me-to-supacell | 博客 | EL | 移动友好,92,8,https://www.agentic.ai/ | 文本 | 内容 | 新增,2026年2月18日,2026年2月18日
0,https://techbit.gr/page/1006/?redirect_to=https%3A%2F%2Fwww.starlinkgreece.gr%2Fgoogle-pixel-watch-xlme-megalyteri-othoni-145 | 博客 | EL | 移动友好,92,8,https://www.agentic.ai/ | 文本 | 内容,2026年2月6日,2026年2月6日
0,https://techbit.gr/page/1006/?redirect_to=https%3A%2F%2Fwww.starlinkgreece.gr%2Fegkrisi-tou-motorola-s50-neo-stin-kina-prin-tin-kykloforia-tou | 博客 | EL | 移动友好,92,8,https://www.agentic.ai/ | 文本 | 内容,2026年1月31日,2026年1月31日
0,https://techbit.gr/page/1006/?redirect_to=https%3A%2F%2Fwww.starlinkgreece.gr%2Fcommunity%2Ftags | 博客 | EL | 移动友好,92,8,https://www.agentic.ai/ | 文本 | 内容,2026年2月7日,2026年2月7日
0,https://techbit.gr/page/1006/?redirect_to=https%3A%2F%2Fwww.starlinkgreece.gr%2Fanavathmismenes-technologies-sto-vinteo-wifi-6-kai-peristrofi-360 | 博客 | EL | 移动友好,92,8,https://www.agentic.ai/ | 文本 | 内容,2026年1月30日,2026年1月30日
0,https://techbit.gr/page/1006/?redirect_to=https%3A%2F%2Fwww.cybervista.gr%2Ftag%2Fyperypologistes | 博客 | EL | 移动友好,92,8,https://www.agentic.ai/ | 文本 | 内容,2026年2月13日,2026年2月13日
0,https://techbit.gr/page/1006/?redirect_to=https%3A%2F%2Fwww.cybervista.gr%2Ftag%2Fsurface-pro-8 | 博客 | EL | 移动友好,92,8,https://www.agentic.ai/ | 文本 | 内容,2026年2月10日,2026年2月10日
0,https://techbit.gr/page/1006/?redirect_to=https%3A%2F%2Fwww.cybervista.gr%2Ftag%2Fseira-samsung-galaxy-z | 博客 | EL | 移动友好,92,8,https://www.agentic.ai/ | 文本 | 内容,2026年2月13日,2026年2月13日
0,https://techbit.gr/page/1006/?redirect_to=https%3A%2F%2Fwww.cybervista.gr%2Ftag%2Frichard-blumenthal | 博客 | EL | 移动友好,92,8,https://www.agentic.ai/ | 文本 | 内容,2026年2月2日,2026年2月2日
0,https://techbit.gr/page/1006/?redirect_to=https%3A%2F%2Fwww.cybervista.gr%2Ftag%2Fpoco-x5-pro | 博客 | EL | 移动友好,92,8,https://www.agentic.ai/ | 文本 | 内容,2026年2月11日,2026年2月11日
0,https://techbit.gr/page/1006/?redirect_to=https%3A%2F%2Fwww.cybervista.gr%2Ftag%2Fperivallontiko-programma-ton-inomenon-ethnon | 博客 | EL | 移动友好,92,8,https://www.agentic.ai/ | 文本 | 内容,2026年2月13日,2026年2月13日
0,https://techbit.gr/page/1006/?redirect_to=https%3A%2F%2Fwww.cybervista.gr%2Ftag%2Fmetanasteftika-eidi | 博客 | EL | 移动友好,92,8,https://www.agentic.ai/ | 文本 | 内容,2026年2月5日,2026年2月5日
0,https://techbit.gr/page/1006/?redirect_to=https%3A%2F%2Fwww.cybervista.gr%2Ftag%2Fkano-minysi | 博客 | EL | 移动友好,92,8,https://www.agentic.ai/ | 文本 | 内容 | 新增,2026年2月17日,2026年2月17日
0,https://techbit.gr/page/1006/?redirect_to=https%3A%2F%2Fwww.cybervista.gr%2Ftag%2Fincorrect-labeling-by-meta | 博客 | EL | 移动友好,92,8,https://www.agentic.ai/ | 文本 | 内容,2026年2月2日,2026年2月2日
0,https://techbit.gr/page/1006/?redirect_to=https%3A%2F%2Fwww.cybervista.gr%2Ftag%2Fharry-potter-the-series | 博客 | EL | 移动友好,92,8,https://www.agentic.ai/ | 文本 | 内容,2026年2月11日,2026年2月11日
0,https://techbit.gr/page/1006/?redirect_to=https%3A%2F%2Fwww.cybervista.gr%2Ftag%2Fdragon-age-origins | 博客 | EL | 移动友好,92,8,https://www.agentic.ai/ | 文本 | 内容,2026年2月7日,2026年2月7日
0,https://techbit.gr/page/1006/?redirect_to=https%3A%2F%2Fwww.cybervista.gr%2Ftag%2Fdos | 博客 | EL | 移动友好,92,8,https://www.agentic.ai/ | 文本 | 内容,2026年2月9日,2026年2月9日
0,https://techbit.gr/page/1006/?redirect_to=https%3A%2F%2Fwww.cybervista.gr%2Ftag%2Fcassian-andor | 博客 | EL | 移动友好,92,8,https://www.agentic.ai/ | 文本 | 内容 | 新增,2026年2月17日,2026年2月17日
0,https://techbit.gr/page/1006/?redirect_to=https%3A%2F%2Fwww.cybervista.gr%2Ftag%2Fbeyerdynamic | 博客 | EL | 移动友好,92,8,https://www.agentic.ai/ | 文本 | 内容 | 新增,2026年2月15日,2026年2月15日
0,https://techbit.gr/page/1006/?redirect_to=https%3A%2F%2Fwww.cybervista.gr%2Ftag%2Fbeat | 博客 | EL | 移动友好,92,8,https://www.agentic.ai/ | 文本 | 内容,2026年2月14日,2026年2月14日
0,https://techbit.gr/page/1006/?redirect_to=https%3A%2F%2Fwww.cybervista.gr%2Fcategory%2Fentertainment%2Fpage%2F20 | 博客 | EL | 移动友好,92,8,https://www.agentic.ai/ | 文本 | 内容,2026年1月30日,2026年1月30日
0,https://techbit.gr/page/1006/?redirect_to=https%3A%2F%2Fwww.cybervista.gr%2F827%2Fi-ellada-vythizetai-to-internet-mas-pleon-to-pio-argo-stin-evropi | 博客 | EL | 移动友好,92,8,https://www.agentic.ai/ | 文本 | 内容,2026年2月9日,2026年2月9日
0,https://techbit.gr/page/1006/?redirect_to=https%3A%2F%2Fwww.cybervista.gr%2F7045%2Fekptoseis-black-friday-sta-airpods-max-gia-tin-imera-tou-patera | 博客 | EL | 移动友好,92,8,https://www.agentic.ai/ | 文本 | 内容 | 新增,2026年2月15日,2026年2月15日
0,https://techbit.gr/page/1006/?redirect_to=https%3A%2F%2Fwww.cybervista.gr%2F6686%2Fterastio-programma-episkevis-othonis-gia-to-pixel-8-apo-tin-google | 博客 | EL | 移动友好,92,8,https://www.agentic.ai/ | 文本 | 内容,2026年2月12日,2026年2月12日
0,https://techbit.gr/page/1006/?redirect_to=https%3A%2F%2Fwww.cybervista.gr%2F5282%2Fi-chameni-klironomia-i-katastrofi-tis-aftokratorias-tou-vinyliou | 博客 | EL | 移动友好,92,8,https://www.agentic.ai/ | 文本 | 内容,2026年2月10日,2026年2月10日
0,https://techbit.gr/page/1006/?redirect_to=https%3A%2F%2Fwww.cybervista.gr%2F5039%2Fanakalyptontas-tis-koryfaies-leitourgies-tou-ios-18 | 博客 | EL | 移动友好,92,8,https://www.agentic.ai/ | 文本 | 内容,2026年2月12日,2026年2月12日
0,https://techbit.gr/page/1006/?redirect_to=https%3A%2F%2Fwww.cybervista.gr%2F3073%2Fi-huawei-anevainei-stin-koryfi-tis-agoras-premium-tilefonon | 博客 | EL | 移动友好,92,8,https://www.agentic.ai/ | 文本 | 内容,2026年2月7日,2026年2月7日
0,https://techbit.gr/page/1006/?redirect_to=https%3A%2F%2Fwww.cybervista.gr%2F28811%2Fexelixi-stin-epikoinonia-metaxy-iphone-kai-android-i-prosorini-lysi | 博客 | EL | 移动友好,92,8,https://www.agentic.ai/ | 文本 | 内容 | 新增,2026年2月16日,2026年2月16日
0,https://techbit.gr/page/1006/?redirect_to=https%3A%2F%2Fwww.cybervista.gr%2F26969%2Fsygkritiki-analysi-poios-kerdise-tin-proedriki-syzitisi-x-i-threads | 博客 | EL | 移动友好,92,8,https://www.agentic.ai/ | 文本 | 内容,2026年2月2日,2026年2月2日
0,https://techbit.gr/page/1006/?redirect_to=https%3A%2F%2Fwww.cybervista.gr%2F26622%2Fi-apodokimasia-tou-one-ui-logo-tou-ypervolikou-bloatware | 博客 | EL | 移动友好,92,8,https://www.agentic.ai/ | 文本 | 内容 | 新增,2026年2月18日,2026年2月18日
0,https://techbit.gr/page/1006/?redirect_to=https%3A%2F%2Fwww.cybervista.gr%2F25581%2Fveltistopoiisi-tis-ekkinisis-ton-windows-11 | 博客 | EL | 移动友好,92,8,https://www.agentic.ai/ | 文本 | 内容 | 新增,2026年2月17日,2026年2月17日
0,https://techbit.gr/page/1006/?redirect_to=https%3A%2F%2Fwww.cybervista.gr%2F25343%2Fpos-na-dimiourgisete-mia-synthesi-apo-dyo-fotografies | 博客 | EL | 移动友好,92,8,https://www.agentic.ai/ | 文本 | 内容 | 新增,2026年2月17日,2026年2月17日
0,https://techbit.gr/page/1006/?redirect_to=https%3A%2F%2Fwww.cybervista.gr%2F25190%2Fneo-oneplus-ace-3-pro-ypsiles-epidoseis-kai-megali-bataria | 博客 | EL | 移动友好,92,8,https://www.agentic.ai/ | 文本 | 内容,2026年2月5日,2026年2月5日
0,https://techbit.gr/page/1006/?redirect_to=https%3A%2F%2Fwww.cybervista.gr%2F24776%2Fto-thirio-peftei-thyma-tis-epitychias-tou-anaskopisi-tis-tritis-sezon | 博客 | EL | 移动友好,92,8,https://www.agentic.ai/ | 文本 | 内容,2026年2月2日,2026年2月2日
0,https://techbit.gr/page/1006/?redirect_to=https%3A%2F%2Fwww.cybervista.gr%2F23959%2Fklopi-dedomenon-apo-trapeza-i-alitheia-piso-apo-tin-eidisi | 博客 | EL | 移动友好,92,8,https://www.agentic.ai/ | 文本 | 内容,2026年2月7日,2026年2月7日
0,https://techbit.gr/page/1006/?redirect_to=https%3A%2F%2Fwww.cybervista.gr%2F23950%2Fnea-seira-tilefonon-tcl-50-diathesimi-gia-agora | 博客 | EL | 移动友好,92,8,https://www.agentic.ai/ | 文本 | 内容 | 新增,2026年2月15日,2026年2月15日
0,https://techbit.gr/page/1006/?redirect_to=https%3A%2F%2Fwww.cybervista.gr%2F23296%2Fnychterinos-syllogos-dolofonon | 博客 | EL | 移动友好,92,8,https://www.agentic.ai/ | 文本 | 内容,2026年2月10日,2026年2月10日
0,https://techbit.gr/page/1006/?redirect_to=https%3A%2F%2Fwww.cybervista.gr%2F23127%2Fi-samsung-anakoinonei-tin-imerominia-tou-epomenou-unpacked-event-10-iouliou | 博客 | EL | 移动友好,92,8,https://www.agentic.ai/ | 文本 | 内容 | 新增,2026年2月16日,2026年2月16日
0,https://techbit.gr/page/1006/?redirect_to=https%3A%2F%2Fwww.cybervista.gr%2F21713%2Fendynamosi-tou-pyrina-se-molis-10-lepta-me-5-kiniseis-calisthenics | 博客 | EL | 移动友好,92,8,https://www.agentic.ai/ | 文本 | 内容,2026年1月30日,2026年1月30日
0,https://techbit.gr/page/1006/?redirect_to=https%3A%2F%2Fwww.cybervista.gr%2F21314%2Fnea-leitourgia-sto-youtube-to-hype-ton-theaton | 博客 | EL | 移动友好,92,8,https://www.agentic.ai/ | 文本 | 内容,2026年2月7日,2026年2月7日
0,https://techbit.gr/page/1006/?redirect_to=https%3A%2F%2Fwww.cybervista.gr%2F18229%2Fanavathmiseis-kai-allages-sto-elden-ring-me-tin-pio-prosfati-anavathmisi | 博客 | EL | 移动友好,92,8,https://www.agentic.ai/ | 文本 | 内容,2026年2月5日,2026年2月5日
0,https://techbit.gr/page/1006/?redirect_to=https%3A%2F%2Fwww.cybervista.gr%2F11667%2Fnea-sezon-tou-overwatch-2-kykloforei-stis-20-iouniou | 博客 | EL | 移动友好,92,8,https://www.agentic.ai/ | 文本 | 内容,2026年2月6日,2026年2月6日
0,https://techbit.gr/page/1006/?limitstart=510 | 博客 | EL | 移动友好,92,8,https://www.agentic.ai/ | 文本 | 内容,2026年2月6日,2026年2月6日
0,https://techbit.gr/page/1006/?limitstart=10 | 博客 | EL | 移动友好,92,8,https://www.agentic.ai/ | 文本 | 内容 | 新增,2026年2月16日,2026年2月16日
0,https://techbit.gr/page/1005/?start=4602 | 博客 | EL | 移动友好,81,8,https://www.agentic.ai/ | 文本 | 内容,2026年1月28日,2026年2月19日
0,https://techbit.gr/page/1005/?start=2280 | 博客 | EL | 移动友好,81,8,https://www.agentic.ai/ | 文本 | 内容,2026年1月26日,2026年2月19日
0,https://techbit.gr/page/1005/?redirect_to=https%3A%2F%2Fwww.starlinkgreece.gr%2Flenovo-xt80-adiavrocha-true-wireless-akoustika-me-bluetooth-5-3-kai-aneta-stirigmata-gia-ta-aftia | 博客 | EL | 移动友好,81,8,https://www.agentic.ai/ | 文本 | 内容,2026年1月24日,2026年1月24日
0,https://techbit.gr/page/1005/?redirect_to=https%3A%2F%2Fwww.starlinkgreece.gr%2Fi-exegersi-ton-robot-i-archi-me-tous-protous-anthropoeideis-batler-ai | 博客 | EL | 移动友好,81,8,https://www.agentic.ai/ | 文本 | 内容 | 新增,2026年2月19日,2026年2月19日
0,https://techbit.gr/page/1005/?redirect_to=https%3A%2F%2Fwww.starlinkgreece.gr%2Fi-anthropic-apokalyptei-to-exairetiko-claude-3-5-sonnet-ena-vima-brosta-apo-ta-gpt-4o-kai-gemini-1-5-pro | 博客 | EL | 移动友好,81,8,https://www.agentic.ai/ | 文本 | 内容,2026年1月27日,2026年1月27日
0,https://techbit.gr/page/1005/?redirect_to=https%3A%2F%2Fwww.starlinkgreece.gr%2Fepanastatikes-mainboards-me-ypodochi-lga1851-gia-tous-epexergastes-intel-core-arrow-lake-parousiastikan-stin-computex-2024-nea-technologiki-exelixi-apo-tin-intel | 博客 | EL | 移动友好,81,8,https://www.agentic.ai/ | 文本 | 内容,2026年1月27日,2026年1月27日
0,https://techbit.gr/page/1005/?redirect_to=https%3A%2F%2Fwww.cybervista.gr%2Ftag%2Fmetanasteftika-eidi | 博客 | EL | 移动友好,81,8,https://www.agentic.ai/ | 文本 | 内容 | 新增,2026年2月19日,2026年2月19日
0,https://techbit.gr/page/1005/?redirect_to=https%3A%2F%2Fwww.cybervista.gr%2Ftag%2Fgabriel-woolf | 博客 | EL | 移动友好,81,8,https://www.agentic.ai/ | 文本 | 内容 | 新增,2026年2月19日,2026年2月19日
0,https://techbit.gr/page/1005/?redirect_to=https%3A%2F%2Fwww.cybervista.gr%2F5039%2Fanakalyptontas-tis-koryfaies-leitourgies-tou-ios-18 | 博客 | EL | 移动友好,81,8,https://www.agentic.ai/ | 文本 | 内容,2026年1月29日,2026年1月29日
0,https://techbit.gr/page/1005/?redirect_to=https%3A%2F%2Fwww.cybervista.gr%2F26721%2Fneo-android-15-beta-2-diathesimo-gia-to-realme-12-pro-stin-india | 博客 | EL | 移动友好,81,8,https://www.agentic.ai/ | 文本 | 内容 | 新增,2026年2月19日,2026年2月19日
0,https://techbit.gr/page/1005/?redirect_to=https%3A%2F%2Fwww.cybervista.gr%2F10603%2Fi-apple-etoimazei-leptotera-iphone-macbook-pro-kai-apple-watch | 博客 | EL | 移动友好,81,8,https://www.agentic.ai/ | 文本 | 内容,2026年1月25日,2026年1月25日
0,https://techbit.gr/page/1005/ | 博客 | EL | 移动友好,81,8,https://www.agentic.ai/ | 文本 | 内容 | 新增,2026年2月19日,2026年2月19日
0,https://starlinkgreece.gr/page/1304/?redirect_to=https%3A%2F%2Fwww.starlinkgreece.gr%2Fnea-synergasia-anamesa-se-picsart-kai-getty-images-gia-techni-ai-sto-eborio | 博客 | EL | 移动友好,94,54,https://www.agentic.ai/ | 文本 | 内容,2026年2月3日,2026年2月3日
0,https://starlinkgreece.gr/page/1304/?redirect_to=https%3A%2F%2Fwww.starlinkgreece.gr%2Fnea-synergasia-anamesa-se-picsart-kai-getty-images-gia-techni-ai-sto-eborio | 博客 | EL | 移动友好,94,54,https://www.agentic.ai/devsummit | 文本 | 内容,2026年2月3日,2026年2月3日
0,https://starlinkgreece.gr/page/1304/?redirect_to=https%3A%2F%2Fwww.cybervista.gr%2F10859%2Fi-metastrofi-tou-openai-apo-anthropokentriki-se-kerdoskopiki-stratigiki | 博客 | EL | 移动友好,95,54,https://www.agentic.ai/ | 文本 | 内容,2026年1月29日,2026年1月29日
0,https://starlinkgreece.gr/page/1304/?redirect_to=https%3A%2F%2Fwww.cybervista.gr%2F10859%2Fi-metastrofi-tou-openai-apo-anthropokentriki-se-kerdoskopiki-stratigiki | 博客 | EL | 移动友好,95,54,https://www.agentic.ai/devsummit | 文本 | 内容,2026年1月29日,2026年1月29日
0,https://starlinkgreece.gr/page/1006/?start=560 | 博客 | EL | 移动友好,46,54,https://www.agentic.ai/ | 文本 | 内容 | 新增,2026年2月16日,2026年2月16日
0,https://starlinkgreece.gr/page/1006/?redirect_to=https%3A%2F%2Fwww.starlinkgreece.gr%2Fveltioseis-kai-diorthoseis-sto-edge-apo-ti-microsoft | 博客 | EL | 移动友好,46,54,https://www.agentic.ai/ | 文本 | 内容 | 新增,2026年2月18日,2026年2月18日
0,https://starlinkgreece.gr/page/1006/?redirect_to=https%3A%2F%2Fwww.starlinkgreece.gr%2Ftop-rated-space-heaters-for-the-future-2024s-top-picks | 博客 | EL | 移动友好,46,54,https://www.agentic.ai/ | 文本 | 内容 | 新增,2026年2月16日,2026年2月16日
0,https://starlinkgreece.gr/page/1006/?redirect_to=https%3A%2F%2Fwww.starlinkgreece.gr%2Fto-salo-tis-3is-sezon-tou-bridgerton-sto-diadiktyo | 博客 | EL | 移动友好,46,54,https://www.agentic.ai/ | 文本 | 内容,2026年2月7日,2026年2月7日
0,https://starlinkgreece.gr/page/1006/?redirect_to=https%3A%2F%2Fwww.starlinkgreece.gr%2Fto-neo-ergaleio-prosfaton-archeion-sto-office-365-sto-ios | 博客 | EL | 移动友好,46,54,https://www.agentic.ai/ | 文本 | 内容,2026年2月5日,2026年2月5日
0,https://starlinkgreece.gr/page/1006/?redirect_to=https%3A%2F%2Fwww.starlinkgreece.gr%2Fto-apithano-taxidi-tou-super-mario | 博客 | EL | 移动友好,46,54,https://www.agentic.ai/ | 文本 | 内容,2026年2月11日,2026年2月11日
0,https://starlinkgreece.gr/page/1006/?redirect_to=https%3A%2F%2Fwww.starlinkgreece.gr%2Fproetoimasia-gia-tin-afixi-tou-shadow-of-the-erdtree | 博客 | EL | 移动友好,46,54,https://www.agentic.ai/ | 文本 | 内容,2026年2月7日,2026年2月7日
0,https://starlinkgreece.gr/page/1006/?redirect_to=https%3A%2F%2Fwww.starlinkgreece.gr%2Fomilites-tou-cosmos-athens-stis-26-maiou | 博客 | EL | 移动友好,46,54,https://www.agentic.ai/ | 文本 | 内容,2026年2月10日,2026年2月10日
0,https://starlinkgreece.gr/page/1006/?redirect_to=https%3A%2F%2Fwww.starlinkgreece.gr%2Foi-protaseis-tis-google-gia-tin-teleia-pitsa | 博客 | EL | 移动友好,46,54,https://www.agentic.ai/ | 文本 | 内容,2026年2月2日,2026年2月2日
0,https://starlinkgreece.gr/page/1006/?redirect_to=https%3A%2F%2Fwww.starlinkgreece.gr%2Foi-hot-protimiseis-tis-evdomadas | 博客 | EL | 移动友好,46,54,https://www.agentic.ai/ | 文本 | 内容,2026年2月12日,2026年2月12日
1,https://www.trendingaitools.com/ai-tools/agentic-ai/ | 博客 | EN | 移动友好,3,54,https://www.agentic.ai/ | 表格 | 内容,2025年6月26日,11 天前
1,https://www.trendingaitools.com/ai-tools/agentic-ai/ | 博客 | EN | 移动友好,3,54,https://www.agentic.ai/ | 文本 | 内容,2025年6月26日,11 天前
0,https://starlinkgreece.gr/page/1006/?redirect_to=https%3A%2F%2Fwww.starlinkgreece.gr%2Foi-chibatzides-chrisimopoioun-ti-fysi-gia-na-therapeftoun | 博客 | EL | 移动友好,46,54,https://www.agentic.ai/ | 文本 | 内容,2026年1月31日,2026年1月31日
0,https://starlinkgreece.gr/page/1006/?redirect_to=https%3A%2F%2Fwww.starlinkgreece.gr%2Fnees-efarmoges-epexergasias-vinteo-gia-iphone-kai-ipad | 博客 | EL | 移动友好,46,54,https://www.agentic.ai/ | 文本 | 内容 | 新增,2026年2月15日,2026年2月15日
0,https://starlinkgreece.gr/page/1006/?redirect_to=https%3A%2F%2Fwww.starlinkgreece.gr%2Fnea-leitourgia-sto-ios-18-rythmisi-aktinas-kai-estiasis-sto-iphone | 博客 | EL | 移动友好,46,54,https://www.agentic.ai/ | 文本 | 内容,2026年1月31日,2026年1月31日
0,https://starlinkgreece.gr/page/1006/?redirect_to=https%3A%2F%2Fwww.starlinkgreece.gr%2Fnea-dynatotita-syndesis-discord-me-to-ps5 | 博客 | EL | 移动友好,46,54,https://www.agentic.ai/ | 文本 | 内容,2026年2月9日,2026年2月9日
0,https://starlinkgreece.gr/page/1006/?redirect_to=https%3A%2F%2Fwww.starlinkgreece.gr%2Fnea-dokimastiki-ekdosi-gia-tous-syndromites-youtube-premium | 博客 | EL | 移动友好,46,54,https://www.agentic.ai/ | 文本 | 内容,2026年2月5日,2026年2月5日
0,https://starlinkgreece.gr/page/1006/?redirect_to=https%3A%2F%2Fwww.starlinkgreece.gr%2Fi-anexelegkti-anazitisi-tis-teleiotitas | 博客 | EL | 移动友好,46,54,https://www.agentic.ai/ | 文本 | 内容,2026年2月10日,2026年2月10日
0,https://starlinkgreece.gr/page/1006/?redirect_to=https%3A%2F%2Fwww.starlinkgreece.gr%2Fdose-diaforetiko-titlo-me-vasi-aftonta-windows-11-einai-konta-sto-na-ginoun-to-pio-dimofiles-leitourgiko-systima-sto-steam | 博客 | EL | 移动友好,46,54,https://www.agentic.ai/ | 文本 | 内容,2026年1月30日,2026年1月30日
0,https://starlinkgreece.gr/page/1006/?redirect_to=https%3A%2F%2Fwww.starlinkgreece.gr%2Fcomplete-record-of-wordle-solutions-by-date | 博客 | EL | 移动友好,46,54,https://www.agentic.ai/ | 文本 | 内容,2026年2月6日,2026年2月6日
0,https://starlinkgreece.gr/page/1006/?redirect_to=https%3A%2F%2Fwww.starlinkgreece.gr%2Fcommunity%2Ftags | 博客 | EL | 移动友好,46,54,https://www.agentic.ai/ | 文本 | 内容,2026年1月30日,2026年1月30日
0,https://starlinkgreece.gr/page/1006/?redirect_to=https%3A%2F%2Fwww.starlinkgreece.gr%2Fcommunity%2Frouters-networking | 博客 | EL | 移动友好,46,54,https://www.agentic.ai/ | 文本 | 内容,2026年1月31日,2026年1月31日
0,https://starlinkgreece.gr/page/1006/?redirect_to=https%3A%2F%2Fwww.starlinkgreece.gr%2Faxiologisi-assassins-creed-mirage-gia-iphone | 博客 | EL | 移动友好,46,54,https://www.agentic.ai/ | 文本 | 内容,2026年2月13日,2026年2月13日
0,https://starlinkgreece.gr/page/1006/?redirect_to=https%3A%2F%2Fwww.starlinkgreece.gr%2Fanataraxeis-stis-times-tsip-i-apofasi-tis-tsmc | 博客 | EL | 移动友好,46,54,https://www.agentic.ai/ | 文本 | 内容,2026年2月12日,2026年2月12日
0,https://starlinkgreece.gr/page/1006/?redirect_to=https%3A%2F%2Fwww.starlinkgreece.gr%2Fanalytiki-axiologisi-tis-kameras-blackview-hero-10 | 博客 | EL | 移动友好,46,54,https://www.agentic.ai/ | 文本 | 内容 | 新增,2026年2月15日,2026年2月15日
0,https://starlinkgreece.gr/page/1006/?redirect_to=https%3A%2F%2Fwww.cybervista.gr%2Ftag%2Fypourgeio-oikonomikon-ton-ipa | 博客 | EL | 移动友好,46,54,https://www.agentic.ai/ | 文本 | 内容,2026年2月7日,2026年2月7日
0,https://starlinkgreece.gr/page/1006/?redirect_to=https%3A%2F%2Fwww.cybervista.gr%2Ftag%2Fyperypologistes | 博客 | EL | 移动友好,46,54,https://www.agentic.ai/ | 文本 | 内容,2026年2月3日,2026年2月3日
0,https://starlinkgreece.gr/page/1006/?redirect_to=https%3A%2F%2Fwww.cybervista.gr%2Ftag%2Fxiaomi-mi-10t | 博客 | EL | 移动友好,46,54,https://www.agentic.ai/ | 文本 | 内容 | 新增,2026年2月16日,2026年2月16日
0,https://starlinkgreece.gr/page/1006/?redirect_to=https%3A%2F%2Fwww.cybervista.gr%2Ftag%2Ftotally-spies | 博客 | EL | 移动友好,46,54,https://www.agentic.ai/ | 文本 | 内容 | 新增,2026年2月15日,2026年2月15日
0,https://starlinkgreece.gr/page/1006/?redirect_to=https%3A%2F%2Fwww.cybervista.gr%2Ftag%2Fseira-samsung-galaxy-z | 博客 | EL | 移动友好,46,54,https://www.agentic.ai/ | 文本 | 内容,2026年2月9日,2026年2月9日
0,https://starlinkgreece.gr/page/1006/?redirect_to=https%3A%2F%2Fwww.cybervista.gr%2Ftag%2Fphysical-quantities | 博客 | EL | 移动友好,46,54,https://www.agentic.ai/ | 文本 | 内容,2026年2月14日,2026年2月14日
0,https://starlinkgreece.gr/page/1006/?redirect_to=https%3A%2F%2Fwww.cybervista.gr%2Ftag%2Fmetanasteftika-eidi | 博客 | EL | 移动友好,46,54,https://www.agentic.ai/ | 文本 | 内容,2026年2月12日,2026年2月12日
0,https://starlinkgreece.gr/page/1006/?redirect_to=https%3A%2F%2Fwww.cybervista.gr%2Ftag%2Fmegalopoli | 博客 | EL | 移动友好,46,54,https://www.agentic.ai/ | 文本 | 内容,2026年2月12日,2026年2月12日
0,https://starlinkgreece.gr/page/1006/?redirect_to=https%3A%2F%2Fwww.cybervista.gr%2Ftag%2Fkomiks-tis-marvel | 博客 | EL | 移动友好,46,54,https://www.agentic.ai/ | 文本 | 内容,2026年2月7日,2026年2月7日
0,https://starlinkgreece.gr/page/1006/?redirect_to=https%3A%2F%2Fwww.cybervista.gr%2Ftag%2Fkeyboards | 博客 | EL | 移动友好,46,54,https://www.agentic.ai/ | 文本 | 内容 | 新增,2026年2月18日,2026年2月18日
0,https://starlinkgreece.gr/page/1006/?redirect_to=https%3A%2F%2Fwww.cybervista.gr%2Ftag%2Fgkabriel-goulf | 博客 | EL | 移动友好,46,54,https://www.agentic.ai/ | 文本 | 内容,2026年2月6日,2026年2月6日
0,https://starlinkgreece.gr/page/1006/?redirect_to=https%3A%2F%2Fwww.cybervista.gr%2Ftag%2Feuropean-union | 博客 | EL | 移动友好,46,54,https://www.agentic.ai/ | 文本 | 内容,2026年2月10日,2026年2月10日
0,https://starlinkgreece.gr/page/1006/?redirect_to=https%3A%2F%2Fwww.cybervista.gr%2Ftag%2Fendurance | 博客 | EL | 移动友好,46,54,https://www.agentic.ai/ | 文本 | 内容 | 新增,2026年2月16日,2026年2月16日
0,https://starlinkgreece.gr/page/1006/?redirect_to=https%3A%2F%2Fwww.cybervista.gr%2Ftag%2Felden-ring-bloodborne | 博客 | EL | 移动友好,46,54,https://www.agentic.ai/ | 文本 | 内容,2026年2月2日,2026年2月2日
0,https://starlinkgreece.gr/page/1006/?redirect_to=https%3A%2F%2Fwww.cybervista.gr%2Ftag%2Fegkefalika-kymata | 博客 | EL | 移动友好,46,54,https://www.agentic.ai/ | 文本 | 内容,2026年2月9日,2026年2月9日
0,https://starlinkgreece.gr/page/1006/?redirect_to=https%3A%2F%2Fwww.cybervista.gr%2Ftag%2Fdragon-age-origins | 博客 | EL | 移动友好,46,54,https://www.agentic.ai/ | 文本 | 内容 | 新增,2026年2月17日,2026年2月17日
0,https://starlinkgreece.gr/page/1006/?redirect_to=https%3A%2F%2Fwww.cybervista.gr%2Ftag%2Fdos | 博客 | EL | 移动友好,46,54,https://www.agentic.ai/ | 文本 | 内容,2026年2月10日,2026年2月10日
0,https://starlinkgreece.gr/page/1006/?redirect_to=https%3A%2F%2Fwww.cybervista.gr%2Ftag%2Fdania | 博客 | EL | 移动友好,46,54,https://www.agentic.ai/ | 文本 | 内容,2026年2月14日,2026年2月14日
0,https://starlinkgreece.gr/page/1006/?redirect_to=https%3A%2F%2Fwww.cybervista.gr%2Ftag%2Fcassian-andor | 博客 | EL | 移动友好,46,54,https://www.agentic.ai/ | 文本 | 内容,2026年2月6日,2026年2月6日
0,https://starlinkgreece.gr/page/1006/?redirect_to=https%3A%2F%2Fwww.cybervista.gr%2Ftag%2Fbeat | 博客 | EL | 移动友好,46,54,https://www.agentic.ai/ | 文本 | 内容 | 新增,2026年2月15日,2026年2月15日
0,https://starlinkgreece.gr/page/1006/?redirect_to=https%3A%2F%2Fwww.cybervista.gr%2Ftag%2Fanodos-thermokrasias | 博客 | EL | 移动友好,46,54,https://www.agentic.ai/ | 文本 | 内容,2026年2月11日,2026年2月11日
0,https://starlinkgreece.gr/page/1006/?redirect_to=https%3A%2F%2Fwww.cybervista.gr%2Fcategory%2Fnews%2Fpage%2F5 | 博客 | EL | 移动友好,46,54,https://www.agentic.ai/ | 文本 | 内容 | 新增,2026年2月15日,2026年2月15日
0,https://starlinkgreece.gr/page/1006/?redirect_to=https%3A%2F%2Fwww.cybervista.gr%2Fcategory%2Fentertainment%2Fpage%2F20 | 博客 | EL | 移动友好,46,54,https://www.agentic.ai/ | 文本 | 内容 | 新增,2026年2月16日,2026年2月16日
0,https://starlinkgreece.gr/page/1006/?redirect_to=https%3A%2F%2Fwww.cybervista.gr%2Fcategory%2Fblitzwolf-bw-th16 | 博客 | EL | 移动友好,46,54,https://www.agentic.ai/ | 文本 | 内容 | 新增,2026年2月18日,2026年2月18日
0,https://starlinkgreece.gr/page/1006/?redirect_to=https%3A%2F%2Fwww.cybervista.gr%2F8291%2Fto-kainotomo-robot-pou-erminevei-tis-glosses-ton-skylon | 博客 | EL | 移动友好,46,54,https://www.agentic.ai/ | 文本 | 内容,2026年2月1日,2026年2月1日
0,https://starlinkgreece.gr/page/1006/?redirect_to=https%3A%2F%2Fwww.cybervista.gr%2F6630%2Fto-endechomeno-tis-e-day-prin-tin-anamoni | 博客 | EL | 移动友好,46,54,https://www.agentic.ai/ | 文本 | 内容,2026年2月7日,2026年2月7日
0,https://starlinkgreece.gr/page/1006/?redirect_to=https%3A%2F%2Fwww.cybervista.gr%2F4014%2Fto-krypto-parti-tou-ethereum-etf | 博客 | EL | 移动友好,46,54,https://www.agentic.ai/ | 文本 | 内容 | 新增,2026年2月18日,2026年2月18日
0,https://starlinkgreece.gr/page/1006/?redirect_to=https%3A%2F%2Fwww.cybervista.gr%2F25581%2Fveltistopoiisi-tis-ekkinisis-ton-windows-11 | 博客 | EL | 移动友好,46,54,https://www.agentic.ai/ | 文本 | 内容,2026年1月30日,2026年1月30日
0,https://starlinkgreece.gr/page/1006/?redirect_to=https%3A%2F%2Fwww.cybervista.gr%2F23950%2Fnea-seira-tilefonon-tcl-50-diathesimi-gia-agora | 博客 | EL | 移动友好,46,54,https://www.agentic.ai/ | 文本 | 内容 | 新增,2026年2月16日,2026年2月16日
0,https://starlinkgreece.gr/page/1006/?redirect_to=https%3A%2F%2Fwww.cybervista.gr%2F21314%2Fnea-leitourgia-sto-youtube-to-hype-ton-theaton | 博客 | EL | 移动友好,46,54,https://www.agentic.ai/ | 文本 | 内容,2026年2月7日,2026年2月7日
0,https://starlinkgreece.gr/page/1006/?redirect_to=https%3A%2F%2Fwww.cybervista.gr%2F13906%2Fzontani-metadosi-skotia-elvetia-sto-euro-2024 | 博客 | EL | 移动友好,46,54,https://www.agentic.ai/ | 文本 | 内容,2026年2月3日,2026年2月3日
0,https://starlinkgreece.gr/page/1006/?redirect_to=https%3A%2F%2Fwww.cybervista.gr%2F13212%2Fposo-kala-gnorizeis-ta-mystika-tis-ellinikis-mythologias | 博客 | EL | 移动友好,46,54,https://www.agentic.ai/ | 文本 | 内容,2026年1月30日,2026年1月30日
0,https://starlinkgreece.gr/page/1006/?redirect_to=https%3A%2F%2Fwww.cybervista.gr%2F11667%2Fnea-sezon-tou-overwatch-2-kykloforei-stis-20-iouniou | 博客 | EL | 移动友好,46,54,https://www.agentic.ai/ | 文本 | 内容,2026年2月6日,2026年2月6日
0,https://starlinkgreece.gr/page/1006/?limitstart=20 | 博客 | EL | 移动友好,46,54,https://www.agentic.ai/ | 文本 | 内容,2026年2月9日,2026年2月9日
0,https://starlinkgreece.gr/page/1005/?redirect_to=https%3A%2F%2Fwww.starlinkgreece.gr%2Fto-monadiko-pazl-dokimaste-to-zontano-demo-sto-steam-tora | 博客 | EL | 移动友好,35,54,https://www.agentic.ai/ | 文本 | 内容,2026年1月29日,2026年1月29日
0,https://starlinkgreece.gr/page/1005/?redirect_to=https%3A%2F%2Fwww.starlinkgreece.gr%2Fnea-dynatotita-syndesis-discord-me-to-ps5 | 博客 | EL | 移动友好,35,54,https://www.agentic.ai/ | 文本 | 内容,2026年1月29日,2026年1月29日
0,https://starlinkgreece.gr/page/1005/?redirect_to=https%3A%2F%2Fwww.starlinkgreece.gr%2Fi-magiki-scholi-kai-i-techniti-noimosyni-mia-synergasia-gia-tin-ekpaidefsi | 博客 | EL | 移动友好,35,54,https://www.agentic.ai/ | 文本 | 内容,2026年1月27日,2026年1月27日
0,https://starlinkgreece.gr/page/1005/?redirect_to=https%3A%2F%2Fwww.cybervista.gr%2Fcategory%2Fstory-driven | 博客 | EL | 移动友好,81,8,https://www.agentic.ai/ | 文本 | 内容 | 新增,2026年2月19日,2026年2月19日
0,https://starlinkgreece.gr/page/1005/?redirect_to=https%3A%2F%2Fwww.cybervista.gr%2Fcategory%2Fnews%2Fpage%2F5 | 博客 | EL | 移动友好,35,54,https://www.agentic.ai/ | 文本 | 内容,2026年1月26日,2026年1月26日
0,https://starlinkgreece.gr/anatropi-ston-trader-support-service-i-netcompany-eiserchetai-sti-nea-fasi/ | 博客 | EL | 移动友好,20,55,https://www.agentic.ai/ | 文本 | 内容,2026年1月26日,7 天前
0,https://starlinkgreece.gr/anatreptiki-kinisi-to-linux-foundation-idryei-to-agentic-ai-foundation-gia-ta-anoichta-protypa/ | 博客 | EL | 移动友好,36,55,https://www.agentic.ai/ | 文本 | 内容,2026年1月25日,7 天前
0,https://starlinkgreece.gr/anatreptiki-kinisi-to-linux-foundation-idryei-to-agentic-ai-foundation-gia-ta-anoichta-protypa/ | 博客 | EL | 移动友好,36,55,https://www.agentic.ai/devsummit | 文本 | 内容,2026年1月25日,7 天前
0,https://siriusdigital.us/maximizing-success-in-international-business-travel-strategies-for-small-businesses/ | 博客 | EN | 移动友好,15,78,https://www.agentic.ai/ | 文本 | 内容,2026年2月3日,2026年2月3日
0,https://seoflox.io/o/laacy-rank-website-on-first-page/ | 博客 | EN | 移动友好,7000,1003,https://agentic.ai/ | 标准化 | 文本 | 内容 | Nofollow,2025年10月6日,2025年12月1日
0,https://seoflox.io/o/laacy-rank-website-on-first-page/ | 博客 | EN | 移动友好,7000,1003,https://agentic.ai/ | 文本 | 内容 | Nofollow,2025年6月30日,2025年12月26日
0,https://sentia.community/agentic-ai-the-next-big-ai-breakthrough/ | 博客 | EN | 移动友好,19,93,https://www.agentic.ai/ | 文本 | 内容,2025年2月20日,12 天前
0,https://rjblog.in/rise-of-agentic-ai/ | 博客 | EN | 移动友好,2,47,https://agentic.ai/ | 文本 | 内容 | 新增,2026年2月27日,2026年2月27日
0,https://ranksarticle.com/advanced-omnichannel-strategies-for-seamless-customer-journeys/ | 博客 | 移动友好,3001,20,https://agentic.ai/ | 文本,2025年8月22日,2026年2月26日
0,https://rankongoogle.agency/mqllkgh-google-ranking-lift-traffic-with-contextual-seo-backlinks/ | 博客 | EN | 移动友好,8001,17,https://agentic.ai/ | 标准化 | 文本 | 内容 | Nofollow,2025年10月25日,2025年11月3日
0,https://rank.itxoft.com/maximize-seo-performance-itxoft-2446/ | 博客 | EN | 移动友好,5001,1021,https://agentic.ai/ | 文本 | 内容 | Nofollow,2025年9月7日,2025年9月7日
0,https://newsnovin.com/%D8%A8%DB%8C%D8%AA%D9%85%D8%A7%DB%8C%D9%86-%D8%A8%DB%8C%D8%B4-%D8%A7%D8%B2-%DB%B2%D9%AA-%D8%A7%D8%B2-%D8%B9%D8%B1%D8%B6%D9%87-%D8%A7%D8%AA%D8%B1%DB%8C%D9%88%D9%85-%D8%B1%D8%A7-%D8%AF%D8%B1/ | 博客 | FA | 移动友好,33,58,https://www.agentic.ai/ | 文本,2025年9月23日,2026年2月28日
0,https://news-usa.today/wells-fargo-ceo-ai-job-cuts-across-the-us/ | 博客 | EN | 移动友好,13,83,https://www.agentic.ai/ | 文本 | 内容 | 新增,2026年2月20日,2026年2月20日
0,https://news-usa.today/amazon-pennsylvania-tech-investment-us-expansion-news/ | 博客 | EN | 移动友好,9,87,https://www.agentic.ai/_api/v2/dynamicmodel | 文本 | 内容,2025年11月10日,2026年1月21日
0,https://multiranks.com/advanced-omnichannel-strategies-for-seamless-customer-journeys/ | 博客 | 移动友好,3001,20,https://agentic.ai/ | 文本,2025年3月17日,2026年2月27日
0,https://minhajurrahmanalbi.com/openai/ | 博客 | EN | 移动友好,6,18,https://www.agentic.ai/ | 文本 | 内容,2026年1月16日,2026年2月25日
0,https://minhajurrahmanalbi.co.uk/openai/ | 博客 | EN | 移动友好,6,58,https://www.agentic.ai/ | 文本,2025年11月21日,7 天前
0,https://learnwavestudios.in/future-best-10-ai-trends-redefining-2024/ | 博客 | EN | 移动友好,5,34,https://www.agentic.ai/ | 文本 | 内容,2025年6月3日,2025年9月21日
0,https://instantaitools.com/ai-agents/agentic/ | 博客 | EN | 移动友好,1,43,https://www.agentic.ai/ | 文本 | 内容,2025年7月15日,2026年3月1日
0,https://instantaitools.com/ai-agents/agentic-2/ | 博客 | EN | 移动友好,1,43,https://www.agentic.ai/ | 文本 | 内容,2025年7月16日,2026年2月28日
0,https://explicit-gamingasunm.blogspot.com/404.html | 博客 | 移动友好,13513,5,https://agentic.ai/ | 文本 | 内容 | 新增 | Nofollow,1 小时前,1 小时前
0,https://ccartassn.org/the-intelligent-alliance-unpacking-the-critical-difference-between-generative-ai-and-agentic-ai/ | 博客 | EN | 移动友好,3,27,https://www.agentic.ai/ | 文本 | 内容,2025年11月3日,9 天前
0,https://businessdirectories.co.uk/places/agentic-marketing-technologies-inc/ | 博客 | EN | 移动友好,4,77,http://www.agentic.ai/ | 文本 | 内容 | Nofollow,2025年11月14日,2026年2月26日
0,https://brainpod.ai/yue/understanding-agentic-ai-definition-examples-and-its-impact-compared-to-generative-ai/ | 博客 | 移动友好,7,66,https://agentic.ai/ | 文本 | 内容,2025年11月27日,2025年11月27日
0,https://bmwyng.com/78a3fc222de7bb777aa019900821b37d/ | 博客 | EN | 移动友好,9002,47,https://agentic.ai/ | 文本 | 内容,2026年1月1日,2026年1月31日
0,https://bestarticleworld.com/advanced-omnichannel-strategies-for-seamless-customer-journeys/ | 博客 | 移动友好,3001,19,https://agentic.ai/ | 文本,2025年8月13日,2026年2月26日
0,https://allesora.com/ai-tools/agentic-ai-smarter-agent-tools/ | 博客 | EN | 移动友好,5,17,https://www.agentic.ai/ | 文本,2025年10月30日,2026年1月31日
0,https://allesora.com/ai-agent-tools/agentic/ | 博客 | EN | 移动友好,5,16,https://www.agentic.ai/ | 文本,2025年5月3日,5 天前
0,https://allaiwebsite.com/tool/agentic/ | 博客 | EN | 移动友好,22,79,https://www.agentic.ai/ | 文本 | 内容,2025年7月24日,5 天前
0,https://allaiwebsite.com/tool/agentic/ | 博客 | EN | 移动友好,22,79,https://www.agentic.ai/ | 文本 | 内容,2025年10月30日,5 天前
0,https://aitoolsguidance.com/https-www-agentic-ai/ | 博客 | EN | 移动友好,7,65,https://www.agentic.ai/ | 文本 | 内容,2025年9月16日,2026年3月2日
0,https://aipoki.com/agentic-ai/ | 博客 | EN | 移动友好,9,91,https://www.agentic.ai/ | 文本 | 内容 | Nofollow,2025年2月28日,14 天前
0,https://aipoki.com/agentic-ai/ | 博客 | EN | 移动友好,9,91,https://www.agentic.ai/ | 图片 | 内容 | Nofollow,2025年2月28日,14 天前
0,https://aineurolib.ru/agentic/ | 博客 | RU | 移动友好,3,35,https://www.agentic.ai/ | 文本 | 内容,2025年12月13日,6 天前
0,https://aineurolib.ru/agentic/ | 博客 | RU | 移动友好,3,35,https://www.agentic.ai/ | 图片 | 内容,2025年12月13日,6 天前
0,https://aifamelee.io/tag/gaming/?e-page-50d84e92=2 | 博客 | EN | 移动友好,25,44,https://www.agentic.ai/ | 文本 | 内容,2025年3月13日,2025年10月1日
0,https://aifamelee.io/agentic-2/ | 博客 | EN | 移动友好,6,24,https://www.agentic.ai/ | 文本 | 内容,2025年9月17日,2025年9月26日
0,https://ai.netstudy.in/tools/agentic-ai/ | 博客 | EN | 移动友好,4,35,https://www.agentic.ai/ | 文本 | Nofollow,2025年9月13日,2026年2月28日
0,https://ai.netstudy.in/tools/agentic-ai/ | 博客 | EN | 移动友好,4,35,https://www.agentic.ai/ | 文本 | 内容 | Nofollow,2025年9月13日,2026年2月28日
0,https://ai.netstudy.in/tools/agentic-ai/ | 博客 | EN | 移动友好,4,35,https://www.agentic.ai/ | 文本 | 内容 | Nofollow,2025年9月13日,2026年2月28日
0,https://ai.belarabi.me/ai-tools/agentic-%D8%AB%D9%88%D8%B1%D8%A9-%D9%81%D9%8A-%D8%AA%D8%B7%D9%88%D9%8A%D8%B1-%D8%A7%D9%84%D8%A3%D9%84%D8%B9%D8%A7%D8%A8-%D8%B9%D8%A8%D8%B1-%D8%AF%D9%85%D8%AC-%D8%A7%D9%84%D8%B0%D9%83%D8%A7%D8%A1/ | 博客 | 电子商务 | AR | 移动友好,24,65,https://www.agentic.ai/ | 文本 | Nofollow,2025年6月9日,12 天前
0,https://ai.belarabi.me/ai-tools/agentic-%D8%AB%D9%88%D8%B1%D8%A9-%D9%81%D9%8A-%D8%AA%D8%B7%D9%88%D9%8A%D8%B1-%D8%A7%D9%84%D8%A3%D9%84%D8%B9%D8%A7%D8%A8-%D8%B9%D8%A8%D8%B1-%D8%AF%D9%85%D8%AC-%D8%A7%D9%84%D8%B0%D9%83%D8%A7%D8%A1/ | 博客 | 电子商务 | AR | 移动友好,24,65,https://www.agentic.ai/ | 文本 | Nofollow,2025年6月9日,12 天前
0,https://ai.belarabi.me/ai-tools/agentic-%D8%AB%D9%88%D8%B1%D8%A9-%D9%81%D9%8A-%D8%AA%D8%B7%D9%88%D9%8A%D8%B1-%D8%A7%D9%84%D8%A3%D9%84%D8%B9%D8%A7%D8%A8-%D8%B9%D8%A8%D8%B1-%D8%AF%D9%85%D8%AC-%D8%A7%D9%84%D8%B0%D9%83%D8%A7%D8%A1/ | 博客 | 电子商务 | AR | 移动友好,24,65,https://www.agentic.ai/ | 文本,2025年6月9日,12 天前
0,https://ai-toolmaster.com/ai-tools/agentic/ | 博客 | EN | 移动友好,7,34,https://www.agentic.ai/ | 文本,2025年8月13日,2026年2月19日
0,https://ai-toolmaster.com/ai-tools/agentic/ | 博客 | EN | 移动友好,7,34,https://www.agentic.ai/ | 文本,2025年8月13日,2026年2月19日
0,http://www.digitalpulsehub.top/2024/12/15-strumenti-ai-da-provare-subito.html | 博客 | 移动友好,30,138,https://agentic.ai/ | 文本 | 内容,2025年6月6日,2025年9月25日
